ID_Location,Name,Species,Year,Animals Sighted,Groups Sighted,Transect Length (km),Num per 100km,,,,,,
1,Nyae Nyae,Aardwolf,2017,,,1431,,,,,,,
1,Nyae Nyae,Aardwolf,2018,,,1906,,,,,,,
1,Nyae Nyae,Aardwolf,2019,,,1989,,,,,,,
1,Nyae Nyae,Aardwolf,2020,,,1985,,,,,,,
1,Nyae Nyae,Aardwolf,2021,,,1770,,,,,,,
1,Nyae Nyae,Aardwolf,2022,,,2066,,,,,,,
1,Nyae Nyae,Aardwolf,2023,,,2055,,,,,,,
1,Nyae Nyae,Aardwolf,2024,3,3,2004,0.1,,,,,,
1,Nyae Nyae,African Wildcat,2017,,,1431,,,,,,,
1,Nyae Nyae,African Wildcat,2018,,,1906,,,,,,,
1,Nyae Nyae,African Wildcat,2019,1,1,1989,0.1,,,,,,
1,Nyae Nyae,African Wildcat,2020,,,1985,,,,,,,
1,Nyae Nyae,African Wildcat,2021,2,2,1770,0.1,,,,,,
1,Nyae Nyae,African Wildcat,2022,,,2066,,,,,,,
1,Nyae Nyae,African Wildcat,2023,1,1,2055,0,,,,,,
1,Nyae Nyae,African Wildcat,2024,,,2004,,,,,,,
1,Nyae Nyae,Baboon,2017,,,1431,,,,,,,
1,Nyae Nyae,Baboon,2018,,,1906,,,,,,,
1,Nyae Nyae,Baboon,2019,,,1989,,,,,,,
1,Nyae Nyae,Baboon,2020,,,1985,,,,,,,
1,Nyae Nyae,Baboon,2021,,,1770,,,,,,,
1,Nyae Nyae,Baboon,2022,,,2066,,,,,,,
1,Nyae Nyae,Baboon,2023,,,2055,,,,,,,
1,Nyae Nyae,Baboon,2024,,,2004,,,,,,,
1,Nyae Nyae,Bat-eared Fox,2017,,,1431,,,,,,,
1,Nyae Nyae,Bat-eared Fox,2018,,,1906,,,,,,,
1,Nyae Nyae,Bat-eared Fox,2019,,,1989,,,,,,,
1,Nyae Nyae,Bat-eared Fox,2020,2,1,1985,0.1,,,,,,
1,Nyae Nyae,Bat-eared Fox,2021,,,1770,,,,,,,
1,Nyae Nyae,Bat-eared Fox,2022,,,2066,,,,,,,
1,Nyae Nyae,Bat-eared Fox,2023,,,2055,,,,,,,
1,Nyae Nyae,Bat-eared Fox,2024,2,1,2004,0.1,,,,,,
1,Nyae Nyae,Burchell's Zebra,2017,,,1431,,,,,,,
1,Nyae Nyae,Burchell's Zebra,2018,,,1906,,,,,,,
1,Nyae Nyae,Burchell's Zebra,2019,,,1989,,,,,,,
1,Nyae Nyae,Burchell's Zebra,2020,,,1985,,,,,,,
1,Nyae Nyae,Burchell's Zebra,2021,,,1770,,,,,,,
1,Nyae Nyae,Burchell's Zebra,2022,63,9,2066,3,,,,,,
1,Nyae Nyae,Burchell's Zebra,2023,103,13,2055,5,,,,,,
1,Nyae Nyae,Burchell's Zebra,2024,78,12,2004,3.9,,,,,,
1,Nyae Nyae,Bushpig,2017,,,1431,,,,,,,
1,Nyae Nyae,Bushpig,2018,,,1906,,,,,,,
1,Nyae Nyae,Bushpig,2019,,,1989,,,,,,,
1,Nyae Nyae,Bushpig,2020,1,1,1985,0.1,,,,,,
1,Nyae Nyae,Bushpig,2021,,,1770,,,,,,,
1,Nyae Nyae,Bushpig,2022,,,2066,,,,,,,
1,Nyae Nyae,Bushpig,2023,,,2055,,,,,,,
1,Nyae Nyae,Bushpig,2024,,,2004,,,,,,,
1,Nyae Nyae,Caracal,2017,,,1431,,,,,,,
1,Nyae Nyae,Caracal,2018,,,1906,,,,,,,
1,Nyae Nyae,Caracal,2019,,,1989,,,,,,,
1,Nyae Nyae,Caracal,2020,,,1985,,,,,,,
1,Nyae Nyae,Caracal,2021,,,1770,,,,,,,
1,Nyae Nyae,Caracal,2022,,,2066,,,,,,,
1,Nyae Nyae,Caracal,2023,,,2055,,,,,,,
1,Nyae Nyae,Caracal,2024,,,2004,,,,,,,
1,Nyae Nyae,Cheetah,2017,,,1431,,,,,,,
1,Nyae Nyae,Cheetah,2018,,,1906,,,,,,,
1,Nyae Nyae,Cheetah,2019,,,1989,,,,,,,
1,Nyae Nyae,Cheetah,2020,,,1985,,,,,,,
1,Nyae Nyae,Cheetah,2021,,,1770,,,,,,,
1,Nyae Nyae,Cheetah,2022,,,2066,,,,,,,
1,Nyae Nyae,Cheetah,2023,,,2055,,,,,,,
1,Nyae Nyae,Cheetah,2024,1,1,2004,0,,,,,,
1,Nyae Nyae,Duiker,2017,51,48,1431,3.6,,,,,,
1,Nyae Nyae,Duiker,2018,47,44,1906,2.5,,,,,,
1,Nyae Nyae,Duiker,2019,54,53,1989,2.7,,,,,,
1,Nyae Nyae,Duiker,2020,50,48,1985,2.5,,,,,,
1,Nyae Nyae,Duiker,2021,74,71,1770,4.2,,,,,,
1,Nyae Nyae,Duiker,2022,73,71,2066,3.5,,,,,,
1,Nyae Nyae,Duiker,2023,89,80,2055,4.3,,,,,,
1,Nyae Nyae,Duiker,2024,53,47,2004,2.6,,,,,,
1,Nyae Nyae,Eland,2017,5,1,1431,0.3,,,,,,
1,Nyae Nyae,Eland,2018,2,2,1906,0.1,,,,,,
1,Nyae Nyae,Eland,2019,,,1989,,,,,,,
1,Nyae Nyae,Eland,2020,3,1,1985,0.2,,,,,,
1,Nyae Nyae,Eland,2021,,,1770,,,,,,,
1,Nyae Nyae,Eland,2022,1,1,2066,0,,,,,,
1,Nyae Nyae,Eland,2023,15,1,2055,0.7,,,,,,
1,Nyae Nyae,Eland,2024,6,1,2004,0.3,,,,,,
1,Nyae Nyae,Elephant,2017,91,39,1431,6.4,,,,,,
1,Nyae Nyae,Elephant,2018,251,68,1906,13.2,,,,,,
1,Nyae Nyae,Elephant,2019,366,70,1989,18.4,,,,,,
1,Nyae Nyae,Elephant,2020,195,63,1985,9.8,,,,,,
1,Nyae Nyae,Elephant,2021,316,61,1770,17.9,,,,,,
1,Nyae Nyae,Elephant,2022,245,56,2066,11.9,,,,,,
1,Nyae Nyae,Elephant,2023,692,137,2055,33.7,,,,,,
1,Nyae Nyae,Elephant,2024,360,95,2004,18,,,,,,
1,Nyae Nyae,Gemsbok,2017,120,22,1431,8.4,,,,,,
1,Nyae Nyae,Gemsbok,2018,51,17,1906,2.7,,,,,,
1,Nyae Nyae,Gemsbok,2019,89,25,1989,4.5,,,,,,
1,Nyae Nyae,Gemsbok,2020,62,28,1985,3.1,,,,,,
1,Nyae Nyae,Gemsbok,2021,122,32,1770,6.9,,,,,,
1,Nyae Nyae,Gemsbok,2022,123,31,2066,6,,,,,,
1,Nyae Nyae,Gemsbok,2023,38,17,2055,1.8,,,,,,
1,Nyae Nyae,Gemsbok,2024,36,13,2004,1.8,,,,,,
1,Nyae Nyae,Giraffe,2017,16,4,1431,1.1,,,,,,
1,Nyae Nyae,Giraffe,2018,2,1,1906,0.1,,,,,,
1,Nyae Nyae,Giraffe,2019,4,3,1989,0.2,,,,,,
1,Nyae Nyae,Giraffe,2020,29,5,1985,1.5,,,,,,
1,Nyae Nyae,Giraffe,2021,1,1,1770,0.1,,,,,,
1,Nyae Nyae,Giraffe,2022,24,7,2066,1.2,,,,,,
1,Nyae Nyae,Giraffe,2023,12,5,2055,0.6,,,,,,
1,Nyae Nyae,Giraffe,2024,33,8,2004,1.6,,,,,,
1,Nyae Nyae,Ground Hornbill,2017,,,1431,,,,,,,
1,Nyae Nyae,Ground Hornbill,2018,,,1906,,,,,,,
1,Nyae Nyae,Ground Hornbill,2019,,,1989,,,,,,,
1,Nyae Nyae,Ground Hornbill,2020,,,1985,,,,,,,
1,Nyae Nyae,Ground Hornbill,2021,,,1770,,,,,,,
1,Nyae Nyae,Ground Hornbill,2022,,,2066,,,,,,,
1,Nyae Nyae,Ground Hornbill,2023,,,2055,,,,,,,
1,Nyae Nyae,Ground Hornbill,2024,,,2004,,,,,,,
1,Nyae Nyae,Hartebeest,2017,16,3,1431,1.1,,,,,,
1,Nyae Nyae,Hartebeest,2018,67,8,1906,3.5,,,,,,
1,Nyae Nyae,Hartebeest,2019,51,7,1989,2.6,,,,,,
1,Nyae Nyae,Hartebeest,2020,87,9,1985,4.4,,,,,,
1,Nyae Nyae,Hartebeest,2021,31,8,1770,1.8,,,,,,
1,Nyae Nyae,Hartebeest,2022,15,6,2066,0.7,,,,,,
1,Nyae Nyae,Hartebeest,2023,60,9,2055,2.9,,,,,,
1,Nyae Nyae,Hartebeest,2024,79,9,2004,3.9,,,,,,
1,Nyae Nyae,Honey Badger,2017,,,1431,,,,,,,
1,Nyae Nyae,Honey Badger,2018,,,1906,,,,,,,
1,Nyae Nyae,Honey Badger,2019,1,1,1989,0.1,,,,,,
1,Nyae Nyae,Honey Badger,2020,1,1,1985,0.1,,,,,,
1,Nyae Nyae,Honey Badger,2021,4,2,1770,0.2,,,,,,
1,Nyae Nyae,Honey Badger,2022,2,1,2066,0.1,,,,,,
1,Nyae Nyae,Honey Badger,2023,1,1,2055,0,,,,,,
1,Nyae Nyae,Honey Badger,2024,4,3,2004,0.2,,,,,,
1,Nyae Nyae,Impala,2017,6,2,1431,0.4,,,,,,
1,Nyae Nyae,Impala,2018,,,1906,,,,,,,
1,Nyae Nyae,Impala,2019,,,1989,,,,,,,
1,Nyae Nyae,Impala,2020,,,1985,,,,,,,
1,Nyae Nyae,Impala,2021,,,1770,,,,,,,
1,Nyae Nyae,Impala,2022,,,2066,,,,,,,
1,Nyae Nyae,Impala,2023,,,2055,,,,,,,
1,Nyae Nyae,Impala,2024,4,3,2004,0.2,,,,,,
1,Nyae Nyae,"Jackal, Black-backed",2017,6,6,1431,0.4,,,,,,
1,Nyae Nyae,"Jackal, Black-backed",2018,11,8,1906,0.6,,,,,,
1,Nyae Nyae,"Jackal, Black-backed",2019,22,10,1989,1.1,,,,,,
1,Nyae Nyae,"Jackal, Black-backed",2020,20,17,1985,1,,,,,,
1,Nyae Nyae,"Jackal, Black-backed",2021,9,8,1770,0.5,,,,,,
1,Nyae Nyae,"Jackal, Black-backed",2022,20,11,2066,1,,,,,,
1,Nyae Nyae,"Jackal, Black-backed",2023,40,22,2055,1.9,,,,,,
1,Nyae Nyae,"Jackal, Black-backed",2024,13,10,2004,0.6,,,,,,
1,Nyae Nyae,Kori Bustard,2017,,,1431,,,,,,,
1,Nyae Nyae,Kori Bustard,2018,,,1906,,,,,,,
1,Nyae Nyae,Kori Bustard,2019,,,1989,,,,,,,
1,Nyae Nyae,Kori Bustard,2020,,,1985,,,,,,,
1,Nyae Nyae,Kori Bustard,2021,,,1770,,,,,,,
1,Nyae Nyae,Kori Bustard,2022,13,7,2066,0.6,,,,,,
1,Nyae Nyae,Kori Bustard,2023,1,1,2055,0,,,,,,
1,Nyae Nyae,Kori Bustard,2024,16,11,2004,0.8,,,,,,
1,Nyae Nyae,Kudu,2017,108,33,1431,7.5,,,,,,
1,Nyae Nyae,Kudu,2018,196,50,1906,10.3,,,,,,
1,Nyae Nyae,Kudu,2019,159,49,1989,8,,,,,,
1,Nyae Nyae,Kudu,2020,155,44,1985,7.8,,,,,,
1,Nyae Nyae,Kudu,2021,197,57,1770,11.1,,,,,,
1,Nyae Nyae,Kudu,2022,272,69,2066,13.2,,,,,,
1,Nyae Nyae,Kudu,2023,184,64,2055,9,,,,,,
1,Nyae Nyae,Kudu,2024,224,68,2004,11.2,,,,,,
1,Nyae Nyae,Leopard,2017,,,1431,,,,,,,
1,Nyae Nyae,Leopard,2018,,,1906,,,,,,,
1,Nyae Nyae,Leopard,2019,1,1,1989,0.1,,,,,,
1,Nyae Nyae,Leopard,2020,1,1,1985,0.1,,,,,,
1,Nyae Nyae,Leopard,2021,1,1,1770,0.1,,,,,,
1,Nyae Nyae,Leopard,2022,1,1,2066,0,,,,,,
1,Nyae Nyae,Leopard,2023,1,1,2055,0,,,,,,
1,Nyae Nyae,Leopard,2024,,,2004,,,,,,,
1,Nyae Nyae,Lion,2017,,,1431,,,,,,,
1,Nyae Nyae,Lion,2018,,,1906,,,,,,,
1,Nyae Nyae,Lion,2019,1,1,1989,0.1,,,,,,
1,Nyae Nyae,Lion,2020,,,1985,,,,,,,
1,Nyae Nyae,Lion,2021,,,1770,,,,,,,
1,Nyae Nyae,Lion,2022,,,2066,,,,,,,
1,Nyae Nyae,Lion,2023,,,2055,,,,,,,
1,Nyae Nyae,Lion,2024,1,1,2004,0,,,,,,
1,Nyae Nyae,Ostrich,2017,32,13,1431,2.2,,,,,,
1,Nyae Nyae,Ostrich,2018,16,9,1906,0.8,,,,,,
1,Nyae Nyae,Ostrich,2019,70,27,1989,3.5,,,,,,
1,Nyae Nyae,Ostrich,2020,38,17,1985,1.9,,,,,,
1,Nyae Nyae,Ostrich,2021,33,16,1770,1.9,,,,,,
1,Nyae Nyae,Ostrich,2022,62,12,2066,3,,,,,,
1,Nyae Nyae,Ostrich,2023,51,21,2055,2.5,,,,,,
1,Nyae Nyae,Ostrich,2024,52,19,2004,2.6,,,,,,
1,Nyae Nyae,Porcupine,2017,,,1431,,,,,,,
1,Nyae Nyae,Porcupine,2018,,,1906,,,,,,,
1,Nyae Nyae,Porcupine,2019,3,2,1989,0.2,,,,,,
1,Nyae Nyae,Porcupine,2020,5,2,1985,0.3,,,,,,
1,Nyae Nyae,Porcupine,2021,1,1,1770,0.1,,,,,,
1,Nyae Nyae,Porcupine,2022,2,1,2066,0.1,,,,,,
1,Nyae Nyae,Porcupine,2023,,,2055,,,,,,,
1,Nyae Nyae,Porcupine,2024,3,1,2004,0.1,,,,,,
1,Nyae Nyae,Roan,2017,36,9,1431,2.5,,,,,,
1,Nyae Nyae,Roan,2018,155,22,1906,8.1,,,,,,
1,Nyae Nyae,Roan,2019,62,16,1989,3.1,,,,,,
1,Nyae Nyae,Roan,2020,26,10,1985,1.3,,,,,,
1,Nyae Nyae,Roan,2021,29,11,1770,1.6,,,,,,
1,Nyae Nyae,Roan,2022,68,15,2066,3.3,,,,,,
1,Nyae Nyae,Roan,2023,91,22,2055,4.4,,,,,,
1,Nyae Nyae,Roan,2024,51,13,2004,2.5,,,,,,
1,Nyae Nyae,Sable,2017,,,1431,,,,,,,
1,Nyae Nyae,Sable,2018,1,1,1906,0.1,,,,,,
1,Nyae Nyae,Sable,2019,,,1989,,,,,,,
1,Nyae Nyae,Sable,2020,,,1985,,,,,,,
1,Nyae Nyae,Sable,2021,,,1770,,,,,,,
1,Nyae Nyae,Sable,2022,,,2066,,,,,,,
1,Nyae Nyae,Sable,2023,,,2055,,,,,,,
1,Nyae Nyae,Sable,2024,,,2004,,,,,,,
1,Nyae Nyae,Scrub hare,2017,,,1431,,,,,,,
1,Nyae Nyae,Scrub hare,2018,,,1906,,,,,,,
1,Nyae Nyae,Scrub hare,2019,,,1989,,,,,,,
1,Nyae Nyae,Scrub hare,2020,,,1985,,,,,,,
1,Nyae Nyae,Scrub hare,2021,,,1770,,,,,,,
1,Nyae Nyae,Scrub hare,2022,,,2066,,,,,,,
1,Nyae Nyae,Scrub hare,2023,,,2055,,,,,,,
1,Nyae Nyae,Scrub hare,2024,,,2004,,,,,,,
1,Nyae Nyae,Spotted Hyaena,2017,2,2,1431,0.1,,,,,,
1,Nyae Nyae,Spotted Hyaena,2018,1,1,1906,0.1,,,,,,
1,Nyae Nyae,Spotted Hyaena,2019,1,1,1989,0.1,,,,,,
1,Nyae Nyae,Spotted Hyaena,2020,2,2,1985,0.1,,,,,,
1,Nyae Nyae,Spotted Hyaena,2021,,,1770,,,,,,,
1,Nyae Nyae,Spotted Hyaena,2022,,,2066,,,,,,,
1,Nyae Nyae,Spotted Hyaena,2023,1,1,2055,0,,,,,,
1,Nyae Nyae,Spotted Hyaena,2024,3,2,2004,0.1,,,,,,
1,Nyae Nyae,Springbok,2017,,,1431,,,,,,,
1,Nyae Nyae,Springbok,2018,,,1906,,,,,,,
1,Nyae Nyae,Springbok,2019,,,1989,,,,,,,
1,Nyae Nyae,Springbok,2020,,,1985,,,,,,,
1,Nyae Nyae,Springbok,2021,,,1770,,,,,,,
1,Nyae Nyae,Springbok,2022,309,25,2066,15,,,,,,
1,Nyae Nyae,Springbok,2023,208,16,2055,10.1,,,,,,
1,Nyae Nyae,Springbok,2024,299,24,2004,14.9,,,,,,
1,Nyae Nyae,Steenbok,2017,55,55,1431,3.8,,,,,,
1,Nyae Nyae,Steenbok,2018,61,56,1906,3.2,,,,,,
1,Nyae Nyae,Steenbok,2019,88,82,1989,4.4,,,,,,
1,Nyae Nyae,Steenbok,2020,95,84,1985,4.8,,,,,,
1,Nyae Nyae,Steenbok,2021,114,98,1770,6.4,,,,,,
1,Nyae Nyae,Steenbok,2022,96,90,2066,4.6,,,,,,
1,Nyae Nyae,Steenbok,2023,109,100,2055,5.3,,,,,,
1,Nyae Nyae,Steenbok,2024,104,99,2004,5.2,,,,,,
1,Nyae Nyae,Vervet Monkey,2017,,,1431,,,,,,,
1,Nyae Nyae,Vervet Monkey,2018,,,1906,,,,,,,
1,Nyae Nyae,Vervet Monkey,2019,,,1989,,,,,,,
1,Nyae Nyae,Vervet Monkey,2020,,,1985,,,,,,,
1,Nyae Nyae,Vervet Monkey,2021,,,1770,,,,,,,
1,Nyae Nyae,Vervet Monkey,2022,,,2066,,,,,,,
1,Nyae Nyae,Vervet Monkey,2023,,,2055,,,,,,,
1,Nyae Nyae,Vervet Monkey,2024,,,2004,,,,,,,
1,Nyae Nyae,Warthog,2017,15,7,1431,1,,,,,,
1,Nyae Nyae,Warthog,2018,37,15,1906,1.9,,,,,,
1,Nyae Nyae,Warthog,2019,38,12,1989,1.9,,,,,,
1,Nyae Nyae,Warthog,2020,26,11,1985,1.3,,,,,,
1,Nyae Nyae,Warthog,2021,43,18,1770,2.4,,,,,,
1,Nyae Nyae,Warthog,2022,60,27,2066,2.9,,,,,,
1,Nyae Nyae,Warthog,2023,41,17,2055,2,,,,,,
1,Nyae Nyae,Warthog,2024,46,18,2004,2.3,,,,,,
1,Nyae Nyae,Wild dog,2017,5,2,1431,0.3,,,,,,
1,Nyae Nyae,Wild dog,2018,14,2,1906,0.7,,,,,,
1,Nyae Nyae,Wild dog,2019,,,1989,,,,,,,
1,Nyae Nyae,Wild dog,2020,1,1,1985,0.1,,,,,,
1,Nyae Nyae,Wild dog,2021,2,1,1770,0.1,,,,,,
1,Nyae Nyae,Wild dog,2022,3,1,2066,0.1,,,,,,
1,Nyae Nyae,Wild dog,2023,,,2055,,,,,,,
1,Nyae Nyae,Wild dog,2024,25,3,2004,1.2,,,,,,
1,Nyae Nyae,Wildebeest,2017,348,30,1431,24.3,,,,,,
1,Nyae Nyae,Wildebeest,2018,707,56,1906,37.1,,,,,,
1,Nyae Nyae,Wildebeest,2019,1065,56,1989,53.6,,,,,,
1,Nyae Nyae,Wildebeest,2020,582,48,1985,29.3,,,,,,
1,Nyae Nyae,Wildebeest,2021,423,44,1770,23.9,,,,,,
1,Nyae Nyae,Wildebeest,2022,833,77,2066,40.3,,,,,,
1,Nyae Nyae,Wildebeest,2023,1640,78,2055,79.8,,,,,,
1,Nyae Nyae,Wildebeest,2024,1584,62,2004,79,,,,,,
37,Muduva Nyangana,Aardwolf,2013,,,94,,,,,,,
37,Muduva Nyangana,Aardwolf,2014,,,114,,,,,,,
37,Muduva Nyangana,Aardwolf,2015,,,112,,,,,,,
37,Muduva Nyangana,Aardwolf,2016,,,115,,,,,,,
37,Muduva Nyangana,Aardwolf,2017,,,113,,,,,,,
37,Muduva Nyangana,Aardwolf,2018,,,106,,,,,,,
37,Muduva Nyangana,Aardwolf,2019,,,116,,,,,,,
37,Muduva Nyangana,Aardwolf,2020,,,152,,,,,,,
37,Muduva Nyangana,Aardwolf,2021,,,111,,,,,,,
37,Muduva Nyangana,Aardwolf,2022,,,106,,,,,,,
37,Muduva Nyangana,Aardwolf,2023,,,116,,,,,,,
37,Muduva Nyangana,Aardwolf,2024,,,122,,,,,,,
37,Muduva Nyangana,African Wildcat,2013,,,94,,,,,,,
37,Muduva Nyangana,African Wildcat,2014,,,114,,,,,,,
37,Muduva Nyangana,African Wildcat,2015,,,112,,,,,,,
37,Muduva Nyangana,African Wildcat,2016,,,115,,,,,,,
37,Muduva Nyangana,African Wildcat,2017,,,113,,,,,,,
37,Muduva Nyangana,African Wildcat,2018,,,106,,,,,,,
37,Muduva Nyangana,African Wildcat,2019,,,116,,,,,,,
37,Muduva Nyangana,African Wildcat,2020,,,152,,,,,,,
37,Muduva Nyangana,African Wildcat,2021,,,111,,,,,,,
37,Muduva Nyangana,African Wildcat,2022,,,106,,,,,,,
37,Muduva Nyangana,African Wildcat,2023,,,116,,,,,,,
37,Muduva Nyangana,African Wildcat,2024,,,122,,,,,,,
37,Muduva Nyangana,Baboon,2013,,,94,,,,,,,
37,Muduva Nyangana,Baboon,2014,,,114,,,,,,,
37,Muduva Nyangana,Baboon,2015,,,112,,,,,,,
37,Muduva Nyangana,Baboon,2016,,,115,,,,,,,
37,Muduva Nyangana,Baboon,2017,,,113,,,,,,,
37,Muduva Nyangana,Baboon,2018,,,106,,,,,,,
37,Muduva Nyangana,Baboon,2019,,,116,,,,,,,
37,Muduva Nyangana,Baboon,2020,,,152,,,,,,,
37,Muduva Nyangana,Baboon,2021,10,1,111,9,,,,,,
37,Muduva Nyangana,Baboon,2022,,,106,,,,,,,
37,Muduva Nyangana,Baboon,2023,,,116,,,,,,,
37,Muduva Nyangana,Baboon,2024,,,122,,,,,,,
37,Muduva Nyangana,Bat-eared Fox,2013,,,94,,,,,,,
37,Muduva Nyangana,Bat-eared Fox,2014,,,114,,,,,,,
37,Muduva Nyangana,Bat-eared Fox,2015,,,112,,,,,,,
37,Muduva Nyangana,Bat-eared Fox,2016,,,115,,,,,,,
37,Muduva Nyangana,Bat-eared Fox,2017,,,113,,,,,,,
37,Muduva Nyangana,Bat-eared Fox,2018,,,106,,,,,,,
37,Muduva Nyangana,Bat-eared Fox,2019,,,116,,,,,,,
37,Muduva Nyangana,Bat-eared Fox,2020,,,152,,,,,,,
37,Muduva Nyangana,Bat-eared Fox,2021,,,111,,,,,,,
37,Muduva Nyangana,Bat-eared Fox,2022,,,106,,,,,,,
37,Muduva Nyangana,Bat-eared Fox,2023,,,116,,,,,,,
37,Muduva Nyangana,Bat-eared Fox,2024,,,122,,,,,,,
37,Muduva Nyangana,Burchell's Zebra,2013,,,94,,,,,,,
37,Muduva Nyangana,Burchell's Zebra,2014,,,114,,,,,,,
37,Muduva Nyangana,Burchell's Zebra,2015,,,112,,,,,,,
37,Muduva Nyangana,Burchell's Zebra,2016,,,115,,,,,,,
37,Muduva Nyangana,Burchell's Zebra,2017,,,113,,,,,,,
37,Muduva Nyangana,Burchell's Zebra,2018,,,106,,,,,,,
37,Muduva Nyangana,Burchell's Zebra,2019,,,116,,,,,,,
37,Muduva Nyangana,Burchell's Zebra,2020,,,152,,,,,,,
37,Muduva Nyangana,Burchell's Zebra,2021,,,111,,,,,,,
37,Muduva Nyangana,Burchell's Zebra,2022,,,106,,,,,,,
37,Muduva Nyangana,Burchell's Zebra,2023,,,116,,,,,,,
37,Muduva Nyangana,Burchell's Zebra,2024,,,122,,,,,,,
37,Muduva Nyangana,Bushpig,2013,,,94,,,,,,,
37,Muduva Nyangana,Bushpig,2014,,,114,,,,,,,
37,Muduva Nyangana,Bushpig,2015,2,1,112,1.8,,,,,,
37,Muduva Nyangana,Bushpig,2016,,,115,,,,,,,
37,Muduva Nyangana,Bushpig,2017,,,113,,,,,,,
37,Muduva Nyangana,Bushpig,2018,,,106,,,,,,,
37,Muduva Nyangana,Bushpig,2019,,,116,,,,,,,
37,Muduva Nyangana,Bushpig,2020,,,152,,,,,,,
37,Muduva Nyangana,Bushpig,2021,,,111,,,,,,,
37,Muduva Nyangana,Bushpig,2022,3,1,106,2.8,,,,,,
37,Muduva Nyangana,Bushpig,2023,,,116,,,,,,,
37,Muduva Nyangana,Bushpig,2024,,,122,,,,,,,
37,Muduva Nyangana,Caracal,2013,,,94,,,,,,,
37,Muduva Nyangana,Caracal,2014,,,114,,,,,,,
37,Muduva Nyangana,Caracal,2015,,,112,,,,,,,
37,Muduva Nyangana,Caracal,2016,,,115,,,,,,,
37,Muduva Nyangana,Caracal,2017,,,113,,,,,,,
37,Muduva Nyangana,Caracal,2018,,,106,,,,,,,
37,Muduva Nyangana,Caracal,2019,,,116,,,,,,,
37,Muduva Nyangana,Caracal,2020,,,152,,,,,,,
37,Muduva Nyangana,Caracal,2021,,,111,,,,,,,
37,Muduva Nyangana,Caracal,2022,,,106,,,,,,,
37,Muduva Nyangana,Caracal,2023,,,116,,,,,,,
37,Muduva Nyangana,Caracal,2024,,,122,,,,,,,
37,Muduva Nyangana,Cheetah,2013,,,94,,,,,,,
37,Muduva Nyangana,Cheetah,2014,,,114,,,,,,,
37,Muduva Nyangana,Cheetah,2015,,,112,,,,,,,
37,Muduva Nyangana,Cheetah,2016,,,115,,,,,,,
37,Muduva Nyangana,Cheetah,2017,,,113,,,,,,,
37,Muduva Nyangana,Cheetah,2018,,,106,,,,,,,
37,Muduva Nyangana,Cheetah,2019,,,116,,,,,,,
37,Muduva Nyangana,Cheetah,2020,,,152,,,,,,,
37,Muduva Nyangana,Cheetah,2021,,,111,,,,,,,
37,Muduva Nyangana,Cheetah,2022,,,106,,,,,,,
37,Muduva Nyangana,Cheetah,2023,,,116,,,,,,,
37,Muduva Nyangana,Cheetah,2024,,,122,,,,,,,
37,Muduva Nyangana,Duiker,2013,9,9,94,9.6,,,,,,
37,Muduva Nyangana,Duiker,2014,12,11,114,10.5,,,,,,
37,Muduva Nyangana,Duiker,2015,20,20,112,17.9,,,,,,
37,Muduva Nyangana,Duiker,2016,15,14,115,13,,,,,,
37,Muduva Nyangana,Duiker,2017,18,15,113,15.9,,,,,,
37,Muduva Nyangana,Duiker,2018,11,11,106,10.4,,,,,,
37,Muduva Nyangana,Duiker,2019,27,22,116,23.3,,,,,,
37,Muduva Nyangana,Duiker,2020,13,13,152,8.6,,,,,,
37,Muduva Nyangana,Duiker,2021,7,7,111,6.3,,,,,,
37,Muduva Nyangana,Duiker,2022,9,8,106,8.5,,,,,,
37,Muduva Nyangana,Duiker,2023,19,19,116,16.4,,,,,,
37,Muduva Nyangana,Duiker,2024,21,18,122,17.2,,,,,,
37,Muduva Nyangana,Eland,2013,18,2,94,19.2,,,,,,
37,Muduva Nyangana,Eland,2014,,,114,,,,,,,
37,Muduva Nyangana,Eland,2015,16,7,112,14.3,,,,,,
37,Muduva Nyangana,Eland,2016,22,4,115,19.1,,,,,,
37,Muduva Nyangana,Eland,2017,10,3,113,8.8,,,,,,
37,Muduva Nyangana,Eland,2018,26,3,106,24.5,,,,,,
37,Muduva Nyangana,Eland,2019,198,15,116,170.9,,,,,,
37,Muduva Nyangana,Eland,2020,22,6,152,14.5,,,,,,
37,Muduva Nyangana,Eland,2021,69,8,111,62.2,,,,,,
37,Muduva Nyangana,Eland,2022,49,7,106,46.2,,,,,,
37,Muduva Nyangana,Eland,2023,67,10,116,57.8,,,,,,
37,Muduva Nyangana,Eland,2024,77,12,122,63.2,,,,,,
37,Muduva Nyangana,Elephant,2013,,,94,,,,,,,
37,Muduva Nyangana,Elephant,2014,,,114,,,,,,,
37,Muduva Nyangana,Elephant,2015,1,1,112,0.9,,,,,,
37,Muduva Nyangana,Elephant,2016,38,4,115,33,,,,,,
37,Muduva Nyangana,Elephant,2017,36,7,113,31.9,,,,,,
37,Muduva Nyangana,Elephant,2018,27,3,106,25.5,,,,,,
37,Muduva Nyangana,Elephant,2019,,,116,,,,,,,
37,Muduva Nyangana,Elephant,2020,8,3,152,5.3,,,,,,
37,Muduva Nyangana,Elephant,2021,38,2,111,34.2,,,,,,
37,Muduva Nyangana,Elephant,2022,2,1,106,1.9,,,,,,
37,Muduva Nyangana,Elephant,2023,38,5,116,32.8,,,,,,
37,Muduva Nyangana,Elephant,2024,18,2,122,14.8,,,,,,
37,Muduva Nyangana,Gemsbok,2013,2,2,94,2.1,,,,,,
37,Muduva Nyangana,Gemsbok,2014,6,1,114,5.2,,,,,,
37,Muduva Nyangana,Gemsbok,2015,29,7,112,25.9,,,,,,
37,Muduva Nyangana,Gemsbok,2016,5,3,115,4.3,,,,,,
37,Muduva Nyangana,Gemsbok,2017,10,4,113,8.8,,,,,,
37,Muduva Nyangana,Gemsbok,2018,31,3,106,29.2,,,,,,
37,Muduva Nyangana,Gemsbok,2019,43,11,116,37.1,,,,,,
37,Muduva Nyangana,Gemsbok,2020,20,4,152,13.2,,,,,,
37,Muduva Nyangana,Gemsbok,2021,31,3,111,27.9,,,,,,
37,Muduva Nyangana,Gemsbok,2022,18,3,106,17,,,,,,
37,Muduva Nyangana,Gemsbok,2023,13,3,116,11.2,,,,,,
37,Muduva Nyangana,Gemsbok,2024,33,3,122,27.1,,,,,,
37,Muduva Nyangana,Giraffe,2013,,,94,,,,,,,
37,Muduva Nyangana,Giraffe,2014,6,1,114,5.2,,,,,,
37,Muduva Nyangana,Giraffe,2015,21,5,112,18.8,,,,,,
37,Muduva Nyangana,Giraffe,2016,70,10,115,60.9,,,,,,
37,Muduva Nyangana,Giraffe,2017,12,3,113,10.6,,,,,,
37,Muduva Nyangana,Giraffe,2018,15,3,106,14.2,,,,,,
37,Muduva Nyangana,Giraffe,2019,3,3,116,2.6,,,,,,
37,Muduva Nyangana,Giraffe,2020,39,9,152,25.7,,,,,,
37,Muduva Nyangana,Giraffe,2021,28,5,111,25.2,,,,,,
37,Muduva Nyangana,Giraffe,2022,48,12,106,45.3,,,,,,
37,Muduva Nyangana,Giraffe,2023,34,8,116,29.3,,,,,,
37,Muduva Nyangana,Giraffe,2024,30,7,122,24.6,,,,,,
37,Muduva Nyangana,Ground Hornbill,2013,,,94,,,,,,,
37,Muduva Nyangana,Ground Hornbill,2014,,,114,,,,,,,
37,Muduva Nyangana,Ground Hornbill,2015,,,112,,,,,,,
37,Muduva Nyangana,Ground Hornbill,2016,,,115,,,,,,,
37,Muduva Nyangana,Ground Hornbill,2017,,,113,,,,,,,
37,Muduva Nyangana,Ground Hornbill,2018,,,106,,,,,,,
37,Muduva Nyangana,Ground Hornbill,2019,,,116,,,,,,,
37,Muduva Nyangana,Ground Hornbill,2020,,,152,,,,,,,
37,Muduva Nyangana,Ground Hornbill,2021,,,111,,,,,,,
37,Muduva Nyangana,Ground Hornbill,2022,,,106,,,,,,,
37,Muduva Nyangana,Ground Hornbill,2023,,,116,,,,,,,
37,Muduva Nyangana,Ground Hornbill,2024,,,122,,,,,,,
37,Muduva Nyangana,Hartebeest,2013,,,94,,,,,,,
37,Muduva Nyangana,Hartebeest,2014,,,114,,,,,,,
37,Muduva Nyangana,Hartebeest,2015,,,112,,,,,,,
37,Muduva Nyangana,Hartebeest,2016,,,115,,,,,,,
37,Muduva Nyangana,Hartebeest,2017,,,113,,,,,,,
37,Muduva Nyangana,Hartebeest,2018,,,106,,,,,,,
37,Muduva Nyangana,Hartebeest,2019,,,116,,,,,,,
37,Muduva Nyangana,Hartebeest,2020,,,152,,,,,,,
37,Muduva Nyangana,Hartebeest,2021,,,111,,,,,,,
37,Muduva Nyangana,Hartebeest,2022,,,106,,,,,,,
37,Muduva Nyangana,Hartebeest,2023,,,116,,,,,,,
37,Muduva Nyangana,Hartebeest,2024,,,122,,,,,,,
37,Muduva Nyangana,Honey Badger,2013,,,94,,,,,,,
37,Muduva Nyangana,Honey Badger,2014,,,114,,,,,,,
37,Muduva Nyangana,Honey Badger,2015,,,112,,,,,,,
37,Muduva Nyangana,Honey Badger,2016,,,115,,,,,,,
37,Muduva Nyangana,Honey Badger,2017,,,113,,,,,,,
37,Muduva Nyangana,Honey Badger,2018,,,106,,,,,,,
37,Muduva Nyangana,Honey Badger,2019,,,116,,,,,,,
37,Muduva Nyangana,Honey Badger,2020,,,152,,,,,,,
37,Muduva Nyangana,Honey Badger,2021,,,111,,,,,,,
37,Muduva Nyangana,Honey Badger,2022,,,106,,,,,,,
37,Muduva Nyangana,Honey Badger,2023,,,116,,,,,,,
37,Muduva Nyangana,Honey Badger,2024,,,122,,,,,,,
37,Muduva Nyangana,Impala,2013,,,94,,,,,,,
37,Muduva Nyangana,Impala,2014,13,1,114,11.4,,,,,,
37,Muduva Nyangana,Impala,2015,1,1,112,0.9,,,,,,
37,Muduva Nyangana,Impala,2016,34,2,115,29.6,,,,,,
37,Muduva Nyangana,Impala,2017,,,113,,,,,,,
37,Muduva Nyangana,Impala,2018,15,1,106,14.2,,,,,,
37,Muduva Nyangana,Impala,2019,6,1,116,5.2,,,,,,
37,Muduva Nyangana,Impala,2020,3,1,152,2,,,,,,
37,Muduva Nyangana,Impala,2021,5,1,111,4.5,,,,,,
37,Muduva Nyangana,Impala,2022,5,1,106,4.7,,,,,,
37,Muduva Nyangana,Impala,2023,,,116,,,,,,,
37,Muduva Nyangana,Impala,2024,,,122,,,,,,,
37,Muduva Nyangana,"Jackal, Black-backed",2013,,,94,,,,,,,
37,Muduva Nyangana,"Jackal, Black-backed",2014,,,114,,,,,,,
37,Muduva Nyangana,"Jackal, Black-backed",2015,,,112,,,,,,,
37,Muduva Nyangana,"Jackal, Black-backed",2016,,,115,,,,,,,
37,Muduva Nyangana,"Jackal, Black-backed",2017,,,113,,,,,,,
37,Muduva Nyangana,"Jackal, Black-backed",2018,,,106,,,,,,,
37,Muduva Nyangana,"Jackal, Black-backed",2019,,,116,,,,,,,
37,Muduva Nyangana,"Jackal, Black-backed",2020,,,152,,,,,,,
37,Muduva Nyangana,"Jackal, Black-backed",2021,,,111,,,,,,,
37,Muduva Nyangana,"Jackal, Black-backed",2022,,,106,,,,,,,
37,Muduva Nyangana,"Jackal, Black-backed",2023,,,116,,,,,,,
37,Muduva Nyangana,"Jackal, Black-backed",2024,,,122,,,,,,,
37,Muduva Nyangana,Kori Bustard,2013,,,94,,,,,,,
37,Muduva Nyangana,Kori Bustard,2014,,,114,,,,,,,
37,Muduva Nyangana,Kori Bustard,2015,,,112,,,,,,,
37,Muduva Nyangana,Kori Bustard,2016,,,115,,,,,,,
37,Muduva Nyangana,Kori Bustard,2017,,,113,,,,,,,
37,Muduva Nyangana,Kori Bustard,2018,,,106,,,,,,,
37,Muduva Nyangana,Kori Bustard,2019,,,116,,,,,,,
37,Muduva Nyangana,Kori Bustard,2020,,,152,,,,,,,
37,Muduva Nyangana,Kori Bustard,2021,,,111,,,,,,,
37,Muduva Nyangana,Kori Bustard,2022,,,106,,,,,,,
37,Muduva Nyangana,Kori Bustard,2023,,,116,,,,,,,
37,Muduva Nyangana,Kori Bustard,2024,,,122,,,,,,,
37,Muduva Nyangana,Kudu,2013,7,3,94,7.4,,,,,,
37,Muduva Nyangana,Kudu,2014,25,7,114,21.9,,,,,,
37,Muduva Nyangana,Kudu,2015,19,7,112,17,,,,,,
37,Muduva Nyangana,Kudu,2016,24,8,115,20.9,,,,,,
37,Muduva Nyangana,Kudu,2017,23,4,113,20.4,,,,,,
37,Muduva Nyangana,Kudu,2018,3,3,106,2.8,,,,,,
37,Muduva Nyangana,Kudu,2019,23,8,116,19.8,,,,,,
37,Muduva Nyangana,Kudu,2020,19,4,152,12.5,,,,,,
37,Muduva Nyangana,Kudu,2021,44,7,111,39.6,,,,,,
37,Muduva Nyangana,Kudu,2022,9,2,106,8.5,,,,,,
37,Muduva Nyangana,Kudu,2023,,,116,,,,,,,
37,Muduva Nyangana,Kudu,2024,8,1,122,6.6,,,,,,
37,Muduva Nyangana,Leopard,2013,,,94,,,,,,,
37,Muduva Nyangana,Leopard,2014,,,114,,,,,,,
37,Muduva Nyangana,Leopard,2015,,,112,,,,,,,
37,Muduva Nyangana,Leopard,2016,,,115,,,,,,,
37,Muduva Nyangana,Leopard,2017,,,113,,,,,,,
37,Muduva Nyangana,Leopard,2018,,,106,,,,,,,
37,Muduva Nyangana,Leopard,2019,,,116,,,,,,,
37,Muduva Nyangana,Leopard,2020,,,152,,,,,,,
37,Muduva Nyangana,Leopard,2021,1,1,111,0.9,,,,,,
37,Muduva Nyangana,Leopard,2022,,,106,,,,,,,
37,Muduva Nyangana,Leopard,2023,,,116,,,,,,,
37,Muduva Nyangana,Leopard,2024,,,122,,,,,,,
37,Muduva Nyangana,Lion,2013,,,94,,,,,,,
37,Muduva Nyangana,Lion,2014,,,114,,,,,,,
37,Muduva Nyangana,Lion,2015,,,112,,,,,,,
37,Muduva Nyangana,Lion,2016,,,115,,,,,,,
37,Muduva Nyangana,Lion,2017,,,113,,,,,,,
37,Muduva Nyangana,Lion,2018,,,106,,,,,,,
37,Muduva Nyangana,Lion,2019,,,116,,,,,,,
37,Muduva Nyangana,Lion,2020,,,152,,,,,,,
37,Muduva Nyangana,Lion,2021,,,111,,,,,,,
37,Muduva Nyangana,Lion,2022,,,106,,,,,,,
37,Muduva Nyangana,Lion,2023,,,116,,,,,,,
37,Muduva Nyangana,Lion,2024,,,122,,,,,,,
37,Muduva Nyangana,Ostrich,2013,,,94,,,,,,,
37,Muduva Nyangana,Ostrich,2014,,,114,,,,,,,
37,Muduva Nyangana,Ostrich,2015,3,1,112,2.7,,,,,,
37,Muduva Nyangana,Ostrich,2016,2,2,115,1.7,,,,,,
37,Muduva Nyangana,Ostrich,2017,1,1,113,0.9,,,,,,
37,Muduva Nyangana,Ostrich,2018,1,1,106,0.9,,,,,,
37,Muduva Nyangana,Ostrich,2019,1,1,116,0.9,,,,,,
37,Muduva Nyangana,Ostrich,2020,3,2,152,2,,,,,,
37,Muduva Nyangana,Ostrich,2021,5,2,111,4.5,,,,,,
37,Muduva Nyangana,Ostrich,2022,1,1,106,0.9,,,,,,
37,Muduva Nyangana,Ostrich,2023,,,116,,,,,,,
37,Muduva Nyangana,Ostrich,2024,1,1,122,0.8,,,,,,
37,Muduva Nyangana,Porcupine,2013,,,94,,,,,,,
37,Muduva Nyangana,Porcupine,2014,,,114,,,,,,,
37,Muduva Nyangana,Porcupine,2015,,,112,,,,,,,
37,Muduva Nyangana,Porcupine,2016,,,115,,,,,,,
37,Muduva Nyangana,Porcupine,2017,2,1,113,1.8,,,,,,
37,Muduva Nyangana,Porcupine,2018,,,106,,,,,,,
37,Muduva Nyangana,Porcupine,2019,,,116,,,,,,,
37,Muduva Nyangana,Porcupine,2020,,,152,,,,,,,
37,Muduva Nyangana,Porcupine,2021,,,111,,,,,,,
37,Muduva Nyangana,Porcupine,2022,,,106,,,,,,,
37,Muduva Nyangana,Porcupine,2023,,,116,,,,,,,
37,Muduva Nyangana,Porcupine,2024,,,122,,,,,,,
37,Muduva Nyangana,Roan,2013,1,1,94,1.1,,,,,,
37,Muduva Nyangana,Roan,2014,40,6,114,35,,,,,,
37,Muduva Nyangana,Roan,2015,41,6,112,36.6,,,,,,
37,Muduva Nyangana,Roan,2016,28,7,115,24.3,,,,,,
37,Muduva Nyangana,Roan,2017,13,8,113,11.5,,,,,,
37,Muduva Nyangana,Roan,2018,25,5,106,23.6,,,,,,
37,Muduva Nyangana,Roan,2019,74,10,116,63.9,,,,,,
37,Muduva Nyangana,Roan,2020,49,6,152,32.3,,,,,,
37,Muduva Nyangana,Roan,2021,29,6,111,26.1,,,,,,
37,Muduva Nyangana,Roan,2022,46,7,106,43.4,,,,,,
37,Muduva Nyangana,Roan,2023,71,11,116,61.2,,,,,,
37,Muduva Nyangana,Roan,2024,49,9,122,40.2,,,,,,
37,Muduva Nyangana,Sable,2013,,,94,,,,,,,
37,Muduva Nyangana,Sable,2014,,,114,,,,,,,
37,Muduva Nyangana,Sable,2015,,,112,,,,,,,
37,Muduva Nyangana,Sable,2016,,,115,,,,,,,
37,Muduva Nyangana,Sable,2017,,,113,,,,,,,
37,Muduva Nyangana,Sable,2018,,,106,,,,,,,
37,Muduva Nyangana,Sable,2019,,,116,,,,,,,
37,Muduva Nyangana,Sable,2020,,,152,,,,,,,
37,Muduva Nyangana,Sable,2021,,,111,,,,,,,
37,Muduva Nyangana,Sable,2022,,,106,,,,,,,
37,Muduva Nyangana,Sable,2023,,,116,,,,,,,
37,Muduva Nyangana,Sable,2024,,,122,,,,,,,
37,Muduva Nyangana,Scrub hare,2013,,,94,,,,,,,
37,Muduva Nyangana,Scrub hare,2014,,,114,,,,,,,
37,Muduva Nyangana,Scrub hare,2015,,,112,,,,,,,
37,Muduva Nyangana,Scrub hare,2016,,,115,,,,,,,
37,Muduva Nyangana,Scrub hare,2017,,,113,,,,,,,
37,Muduva Nyangana,Scrub hare,2018,,,106,,,,,,,
37,Muduva Nyangana,Scrub hare,2019,,,116,,,,,,,
37,Muduva Nyangana,Scrub hare,2020,,,152,,,,,,,
37,Muduva Nyangana,Scrub hare,2021,,,111,,,,,,,
37,Muduva Nyangana,Scrub hare,2022,,,106,,,,,,,
37,Muduva Nyangana,Scrub hare,2023,,,116,,,,,,,
37,Muduva Nyangana,Scrub hare,2024,,,122,,,,,,,
37,Muduva Nyangana,Spotted Hyaena,2013,,,94,,,,,,,
37,Muduva Nyangana,Spotted Hyaena,2014,,,114,,,,,,,
37,Muduva Nyangana,Spotted Hyaena,2015,1,1,112,0.9,,,,,,
37,Muduva Nyangana,Spotted Hyaena,2016,,,115,,,,,,,
37,Muduva Nyangana,Spotted Hyaena,2017,,,113,,,,,,,
37,Muduva Nyangana,Spotted Hyaena,2018,,,106,,,,,,,
37,Muduva Nyangana,Spotted Hyaena,2019,,,116,,,,,,,
37,Muduva Nyangana,Spotted Hyaena,2020,1,1,152,0.7,,,,,,
37,Muduva Nyangana,Spotted Hyaena,2021,,,111,,,,,,,
37,Muduva Nyangana,Spotted Hyaena,2022,,,106,,,,,,,
37,Muduva Nyangana,Spotted Hyaena,2023,,,116,,,,,,,
37,Muduva Nyangana,Spotted Hyaena,2024,,,122,,,,,,,
37,Muduva Nyangana,Springbok,2013,,,94,,,,,,,
37,Muduva Nyangana,Springbok,2014,,,114,,,,,,,
37,Muduva Nyangana,Springbok,2015,,,112,,,,,,,
37,Muduva Nyangana,Springbok,2016,,,115,,,,,,,
37,Muduva Nyangana,Springbok,2017,,,113,,,,,,,
37,Muduva Nyangana,Springbok,2018,,,106,,,,,,,
37,Muduva Nyangana,Springbok,2019,,,116,,,,,,,
37,Muduva Nyangana,Springbok,2020,,,152,,,,,,,
37,Muduva Nyangana,Springbok,2021,,,111,,,,,,,
37,Muduva Nyangana,Springbok,2022,,,106,,,,,,,
37,Muduva Nyangana,Springbok,2023,,,116,,,,,,,
37,Muduva Nyangana,Springbok,2024,,,122,,,,,,,
37,Muduva Nyangana,Steenbok,2013,4,4,94,4.3,,,,,,
37,Muduva Nyangana,Steenbok,2014,3,3,114,2.6,,,,,,
37,Muduva Nyangana,Steenbok,2015,11,9,112,9.8,,,,,,
37,Muduva Nyangana,Steenbok,2016,1,1,115,0.9,,,,,,
37,Muduva Nyangana,Steenbok,2017,3,3,113,2.7,,,,,,
37,Muduva Nyangana,Steenbok,2018,7,7,106,6.6,,,,,,
37,Muduva Nyangana,Steenbok,2019,10,9,116,8.6,,,,,,
37,Muduva Nyangana,Steenbok,2020,4,4,152,2.6,,,,,,
37,Muduva Nyangana,Steenbok,2021,4,4,111,3.6,,,,,,
37,Muduva Nyangana,Steenbok,2022,3,3,106,2.8,,,,,,
37,Muduva Nyangana,Steenbok,2023,10,10,116,8.6,,,,,,
37,Muduva Nyangana,Steenbok,2024,3,3,122,2.5,,,,,,
37,Muduva Nyangana,Vervet Monkey,2013,10,1,94,10.6,,,,,,
37,Muduva Nyangana,Vervet Monkey,2014,,,114,,,,,,,
37,Muduva Nyangana,Vervet Monkey,2015,30,1,112,26.8,,,,,,
37,Muduva Nyangana,Vervet Monkey,2016,7,1,115,6.1,,,,,,
37,Muduva Nyangana,Vervet Monkey,2017,10,1,113,8.8,,,,,,
37,Muduva Nyangana,Vervet Monkey,2018,21,2,106,19.8,,,,,,
37,Muduva Nyangana,Vervet Monkey,2019,,,116,,,,,,,
37,Muduva Nyangana,Vervet Monkey,2020,20,1,152,13.2,,,,,,
37,Muduva Nyangana,Vervet Monkey,2021,15,1,111,13.5,,,,,,
37,Muduva Nyangana,Vervet Monkey,2022,7,1,106,6.6,,,,,,
37,Muduva Nyangana,Vervet Monkey,2023,,,116,,,,,,,
37,Muduva Nyangana,Vervet Monkey,2024,,,122,,,,,,,
37,Muduva Nyangana,Warthog,2013,1,1,94,1.1,,,,,,
37,Muduva Nyangana,Warthog,2014,2,1,114,1.7,,,,,,
37,Muduva Nyangana,Warthog,2015,7,2,112,6.2,,,,,,
37,Muduva Nyangana,Warthog,2016,4,2,115,3.5,,,,,,
37,Muduva Nyangana,Warthog,2017,1,1,113,0.9,,,,,,
37,Muduva Nyangana,Warthog,2018,1,1,106,0.9,,,,,,
37,Muduva Nyangana,Warthog,2019,,,116,,,,,,,
37,Muduva Nyangana,Warthog,2020,2,1,152,1.3,,,,,,
37,Muduva Nyangana,Warthog,2021,,,111,,,,,,,
37,Muduva Nyangana,Warthog,2022,,,106,,,,,,,
37,Muduva Nyangana,Warthog,2023,1,1,116,0.9,,,,,,
37,Muduva Nyangana,Warthog,2024,,,122,,,,,,,
37,Muduva Nyangana,Wild dog,2013,,,94,,,,,,,
37,Muduva Nyangana,Wild dog,2014,,,114,,,,,,,
37,Muduva Nyangana,Wild dog,2015,3,1,112,2.7,,,,,,
37,Muduva Nyangana,Wild dog,2016,,,115,,,,,,,
37,Muduva Nyangana,Wild dog,2017,,,113,,,,,,,
37,Muduva Nyangana,Wild dog,2018,6,2,106,5.7,,,,,,
37,Muduva Nyangana,Wild dog,2019,,,116,,,,,,,
37,Muduva Nyangana,Wild dog,2020,,,152,,,,,,,
37,Muduva Nyangana,Wild dog,2021,,,111,,,,,,,
37,Muduva Nyangana,Wild dog,2022,,,106,,,,,,,
37,Muduva Nyangana,Wild dog,2023,,,116,,,,,,,
37,Muduva Nyangana,Wild dog,2024,,,122,,,,,,,
37,Muduva Nyangana,Wildebeest,2013,,,94,,,,,,,
37,Muduva Nyangana,Wildebeest,2014,,,114,,,,,,,
37,Muduva Nyangana,Wildebeest,2015,,,112,,,,,,,
37,Muduva Nyangana,Wildebeest,2016,,,115,,,,,,,
37,Muduva Nyangana,Wildebeest,2017,,,113,,,,,,,
37,Muduva Nyangana,Wildebeest,2018,12,1,106,11.3,,,,,,
37,Muduva Nyangana,Wildebeest,2019,,,116,,,,,,,
37,Muduva Nyangana,Wildebeest,2020,,,152,,,,,,,
37,Muduva Nyangana,Wildebeest,2021,,,111,,,,,,,
37,Muduva Nyangana,Wildebeest,2022,,,106,,,,,,,
37,Muduva Nyangana,Wildebeest,2023,,,116,,,,,,,
37,Muduva Nyangana,Wildebeest,2024,40,1,122,32.8,,,,,,
41,George Mukoya,Aardwolf,2013,,,228,,,,,,,
41,George Mukoya,Aardwolf,2014,,,255,,,,,,,
41,George Mukoya,Aardwolf,2015,,,239,,,,,,,
41,George Mukoya,Aardwolf,2016,,,252,,,,,,,
41,George Mukoya,Aardwolf,2017,,,252,,,,,,,
41,George Mukoya,Aardwolf,2018,,,237,,,,,,,
41,George Mukoya,Aardwolf,2019,,,255,,,,,,,
41,George Mukoya,Aardwolf,2020,,,254,,,,,,,
41,George Mukoya,Aardwolf,2021,,,242,,,,,,,
41,George Mukoya,Aardwolf,2022,,,221,,,,,,,
41,George Mukoya,Aardwolf,2023,,,241,,,,,,,
41,George Mukoya,Aardwolf,2024,,,241,,,,,,,
41,George Mukoya,African Wildcat,2013,,,228,,,,,,,
41,George Mukoya,African Wildcat,2014,,,255,,,,,,,
41,George Mukoya,African Wildcat,2015,,,239,,,,,,,
41,George Mukoya,African Wildcat,2016,,,252,,,,,,,
41,George Mukoya,African Wildcat,2017,,,252,,,,,,,
41,George Mukoya,African Wildcat,2018,,,237,,,,,,,
41,George Mukoya,African Wildcat,2019,,,255,,,,,,,
41,George Mukoya,African Wildcat,2020,,,254,,,,,,,
41,George Mukoya,African Wildcat,2021,,,242,,,,,,,
41,George Mukoya,African Wildcat,2022,,,221,,,,,,,
41,George Mukoya,African Wildcat,2023,,,241,,,,,,,
41,George Mukoya,African Wildcat,2024,,,241,,,,,,,
41,George Mukoya,Baboon,2013,,,228,,,,,,,
41,George Mukoya,Baboon,2014,,,255,,,,,,,
41,George Mukoya,Baboon,2015,,,239,,,,,,,
41,George Mukoya,Baboon,2016,,,252,,,,,,,
41,George Mukoya,Baboon,2017,,,252,,,,,,,
41,George Mukoya,Baboon,2018,,,237,,,,,,,
41,George Mukoya,Baboon,2019,,,255,,,,,,,
41,George Mukoya,Baboon,2020,,,254,,,,,,,
41,George Mukoya,Baboon,2021,,,242,,,,,,,
41,George Mukoya,Baboon,2022,,,221,,,,,,,
41,George Mukoya,Baboon,2023,,,241,,,,,,,
41,George Mukoya,Baboon,2024,,,241,,,,,,,
41,George Mukoya,Bat-eared Fox,2013,,,228,,,,,,,
41,George Mukoya,Bat-eared Fox,2014,,,255,,,,,,,
41,George Mukoya,Bat-eared Fox,2015,,,239,,,,,,,
41,George Mukoya,Bat-eared Fox,2016,,,252,,,,,,,
41,George Mukoya,Bat-eared Fox,2017,,,252,,,,,,,
41,George Mukoya,Bat-eared Fox,2018,,,237,,,,,,,
41,George Mukoya,Bat-eared Fox,2019,,,255,,,,,,,
41,George Mukoya,Bat-eared Fox,2020,,,254,,,,,,,
41,George Mukoya,Bat-eared Fox,2021,,,242,,,,,,,
41,George Mukoya,Bat-eared Fox,2022,,,221,,,,,,,
41,George Mukoya,Bat-eared Fox,2023,,,241,,,,,,,
41,George Mukoya,Bat-eared Fox,2024,,,241,,,,,,,
41,George Mukoya,Burchell's Zebra,2013,,,228,,,,,,,
41,George Mukoya,Burchell's Zebra,2014,,,255,,,,,,,
41,George Mukoya,Burchell's Zebra,2015,,,239,,,,,,,
41,George Mukoya,Burchell's Zebra,2016,,,252,,,,,,,
41,George Mukoya,Burchell's Zebra,2017,,,252,,,,,,,
41,George Mukoya,Burchell's Zebra,2018,,,237,,,,,,,
41,George Mukoya,Burchell's Zebra,2019,,,255,,,,,,,
41,George Mukoya,Burchell's Zebra,2020,,,254,,,,,,,
41,George Mukoya,Burchell's Zebra,2021,,,242,,,,,,,
41,George Mukoya,Burchell's Zebra,2022,,,221,,,,,,,
41,George Mukoya,Burchell's Zebra,2023,,,241,,,,,,,
41,George Mukoya,Burchell's Zebra,2024,,,241,,,,,,,
41,George Mukoya,Bushpig,2013,,,228,,,,,,,
41,George Mukoya,Bushpig,2014,,,255,,,,,,,
41,George Mukoya,Bushpig,2015,,,239,,,,,,,
41,George Mukoya,Bushpig,2016,,,252,,,,,,,
41,George Mukoya,Bushpig,2017,,,252,,,,,,,
41,George Mukoya,Bushpig,2018,,,237,,,,,,,
41,George Mukoya,Bushpig,2019,,,255,,,,,,,
41,George Mukoya,Bushpig,2020,,,254,,,,,,,
41,George Mukoya,Bushpig,2021,,,242,,,,,,,
41,George Mukoya,Bushpig,2022,,,221,,,,,,,
41,George Mukoya,Bushpig,2023,2,1,241,0.8,,,,,,
41,George Mukoya,Bushpig,2024,,,241,,,,,,,
41,George Mukoya,Caracal,2013,,,228,,,,,,,
41,George Mukoya,Caracal,2014,,,255,,,,,,,
41,George Mukoya,Caracal,2015,,,239,,,,,,,
41,George Mukoya,Caracal,2016,,,252,,,,,,,
41,George Mukoya,Caracal,2017,,,252,,,,,,,
41,George Mukoya,Caracal,2018,,,237,,,,,,,
41,George Mukoya,Caracal,2019,,,255,,,,,,,
41,George Mukoya,Caracal,2020,,,254,,,,,,,
41,George Mukoya,Caracal,2021,,,242,,,,,,,
41,George Mukoya,Caracal,2022,1,1,221,0.5,,,,,,
41,George Mukoya,Caracal,2023,,,241,,,,,,,
41,George Mukoya,Caracal,2024,,,241,,,,,,,
41,George Mukoya,Cheetah,2013,,,228,,,,,,,
41,George Mukoya,Cheetah,2014,,,255,,,,,,,
41,George Mukoya,Cheetah,2015,,,239,,,,,,,
41,George Mukoya,Cheetah,2016,,,252,,,,,,,
41,George Mukoya,Cheetah,2017,,,252,,,,,,,
41,George Mukoya,Cheetah,2018,,,237,,,,,,,
41,George Mukoya,Cheetah,2019,,,255,,,,,,,
41,George Mukoya,Cheetah,2020,,,254,,,,,,,
41,George Mukoya,Cheetah,2021,,,242,,,,,,,
41,George Mukoya,Cheetah,2022,,,221,,,,,,,
41,George Mukoya,Cheetah,2023,,,241,,,,,,,
41,George Mukoya,Cheetah,2024,,,241,,,,,,,
41,George Mukoya,Duiker,2013,18,17,228,7.9,,,,,,
41,George Mukoya,Duiker,2014,29,25,255,11.4,,,,,,
41,George Mukoya,Duiker,2015,36,33,239,15,,,,,,
41,George Mukoya,Duiker,2016,28,26,252,11.1,,,,,,
41,George Mukoya,Duiker,2017,38,32,252,15.1,,,,,,
41,George Mukoya,Duiker,2018,31,27,237,13.1,,,,,,
41,George Mukoya,Duiker,2019,34,29,255,13.4,,,,,,
41,George Mukoya,Duiker,2020,29,25,254,11.4,,,,,,
41,George Mukoya,Duiker,2021,35,34,242,14.5,,,,,,
41,George Mukoya,Duiker,2022,31,27,221,14,,,,,,
41,George Mukoya,Duiker,2023,39,35,241,16.2,,,,,,
41,George Mukoya,Duiker,2024,28,24,241,11.6,,,,,,
41,George Mukoya,Eland,2013,17,5,228,7.4,,,,,,
41,George Mukoya,Eland,2014,31,7,255,12.2,,,,,,
41,George Mukoya,Eland,2015,23,4,239,9.6,,,,,,
41,George Mukoya,Eland,2016,33,11,252,13.1,,,,,,
41,George Mukoya,Eland,2017,29,7,252,11.5,,,,,,
41,George Mukoya,Eland,2018,50,13,237,21.1,,,,,,
41,George Mukoya,Eland,2019,27,6,255,10.6,,,,,,
41,George Mukoya,Eland,2020,8,2,254,3.1,,,,,,
41,George Mukoya,Eland,2021,48,9,242,19.8,,,,,,
41,George Mukoya,Eland,2022,69,10,221,31.2,,,,,,
41,George Mukoya,Eland,2023,49,7,241,20.3,,,,,,
41,George Mukoya,Eland,2024,51,7,241,21.1,,,,,,
41,George Mukoya,Elephant,2013,11,4,228,4.8,,,,,,
41,George Mukoya,Elephant,2014,,,255,,,,,,,
41,George Mukoya,Elephant,2015,97,8,239,40.5,,,,,,
41,George Mukoya,Elephant,2016,133,11,252,52.8,,,,,,
41,George Mukoya,Elephant,2017,4,1,252,1.6,,,,,,
41,George Mukoya,Elephant,2018,11,4,237,4.6,,,,,,
41,George Mukoya,Elephant,2019,22,7,255,8.6,,,,,,
41,George Mukoya,Elephant,2020,11,4,254,4.3,,,,,,
41,George Mukoya,Elephant,2021,,,242,,,,,,,
41,George Mukoya,Elephant,2022,54,9,221,24.4,,,,,,
41,George Mukoya,Elephant,2023,18,8,241,7.5,,,,,,
41,George Mukoya,Elephant,2024,34,6,241,14.1,,,,,,
41,George Mukoya,Gemsbok,2013,35,4,228,15.3,,,,,,
41,George Mukoya,Gemsbok,2014,30,13,255,11.8,,,,,,
41,George Mukoya,Gemsbok,2015,15,6,239,6.3,,,,,,
41,George Mukoya,Gemsbok,2016,34,14,252,13.5,,,,,,
41,George Mukoya,Gemsbok,2017,43,14,252,17.1,,,,,,
41,George Mukoya,Gemsbok,2018,56,7,237,23.7,,,,,,
41,George Mukoya,Gemsbok,2019,29,7,255,11.4,,,,,,
41,George Mukoya,Gemsbok,2020,39,11,254,15.3,,,,,,
41,George Mukoya,Gemsbok,2021,93,12,242,38.4,,,,,,
41,George Mukoya,Gemsbok,2022,112,15,221,50.7,,,,,,
41,George Mukoya,Gemsbok,2023,11,5,241,4.6,,,,,,
41,George Mukoya,Gemsbok,2024,36,4,241,14.9,,,,,,
41,George Mukoya,Giraffe,2013,40,8,228,17.5,,,,,,
41,George Mukoya,Giraffe,2014,34,11,255,13.4,,,,,,
41,George Mukoya,Giraffe,2015,84,21,239,35.1,,,,,,
41,George Mukoya,Giraffe,2016,19,5,252,7.5,,,,,,
41,George Mukoya,Giraffe,2017,94,28,252,37.4,,,,,,
41,George Mukoya,Giraffe,2018,120,19,237,50.7,,,,,,
41,George Mukoya,Giraffe,2019,72,16,255,28.3,,,,,,
41,George Mukoya,Giraffe,2020,60,14,254,23.6,,,,,,
41,George Mukoya,Giraffe,2021,142,31,242,58.7,,,,,,
41,George Mukoya,Giraffe,2022,97,23,221,43.9,,,,,,
41,George Mukoya,Giraffe,2023,27,8,241,11.2,,,,,,
41,George Mukoya,Giraffe,2024,126,21,241,52.2,,,,,,
41,George Mukoya,Ground Hornbill,2013,,,228,,,,,,,
41,George Mukoya,Ground Hornbill,2014,,,255,,,,,,,
41,George Mukoya,Ground Hornbill,2015,,,239,,,,,,,
41,George Mukoya,Ground Hornbill,2016,,,252,,,,,,,
41,George Mukoya,Ground Hornbill,2017,,,252,,,,,,,
41,George Mukoya,Ground Hornbill,2018,,,237,,,,,,,
41,George Mukoya,Ground Hornbill,2019,,,255,,,,,,,
41,George Mukoya,Ground Hornbill,2020,,,254,,,,,,,
41,George Mukoya,Ground Hornbill,2021,,,242,,,,,,,
41,George Mukoya,Ground Hornbill,2022,,,221,,,,,,,
41,George Mukoya,Ground Hornbill,2023,6,1,241,2.5,,,,,,
41,George Mukoya,Ground Hornbill,2024,,,241,,,,,,,
41,George Mukoya,Hartebeest,2013,,,228,,,,,,,
41,George Mukoya,Hartebeest,2014,,,255,,,,,,,
41,George Mukoya,Hartebeest,2015,,,239,,,,,,,
41,George Mukoya,Hartebeest,2016,,,252,,,,,,,
41,George Mukoya,Hartebeest,2017,,,252,,,,,,,
41,George Mukoya,Hartebeest,2018,,,237,,,,,,,
41,George Mukoya,Hartebeest,2019,,,255,,,,,,,
41,George Mukoya,Hartebeest,2020,,,254,,,,,,,
41,George Mukoya,Hartebeest,2021,,,242,,,,,,,
41,George Mukoya,Hartebeest,2022,,,221,,,,,,,
41,George Mukoya,Hartebeest,2023,,,241,,,,,,,
41,George Mukoya,Hartebeest,2024,,,241,,,,,,,
41,George Mukoya,Honey Badger,2013,,,228,,,,,,,
41,George Mukoya,Honey Badger,2014,,,255,,,,,,,
41,George Mukoya,Honey Badger,2015,,,239,,,,,,,
41,George Mukoya,Honey Badger,2016,,,252,,,,,,,
41,George Mukoya,Honey Badger,2017,,,252,,,,,,,
41,George Mukoya,Honey Badger,2018,,,237,,,,,,,
41,George Mukoya,Honey Badger,2019,,,255,,,,,,,
41,George Mukoya,Honey Badger,2020,,,254,,,,,,,
41,George Mukoya,Honey Badger,2021,,,242,,,,,,,
41,George Mukoya,Honey Badger,2022,,,221,,,,,,,
41,George Mukoya,Honey Badger,2023,,,241,,,,,,,
41,George Mukoya,Honey Badger,2024,,,241,,,,,,,
41,George Mukoya,Impala,2013,,,228,,,,,,,
41,George Mukoya,Impala,2014,,,255,,,,,,,
41,George Mukoya,Impala,2015,,,239,,,,,,,
41,George Mukoya,Impala,2016,,,252,,,,,,,
41,George Mukoya,Impala,2017,,,252,,,,,,,
41,George Mukoya,Impala,2018,,,237,,,,,,,
41,George Mukoya,Impala,2019,,,255,,,,,,,
41,George Mukoya,Impala,2020,7,1,254,2.8,,,,,,
41,George Mukoya,Impala,2021,,,242,,,,,,,
41,George Mukoya,Impala,2022,23,2,221,10.4,,,,,,
41,George Mukoya,Impala,2023,,,241,,,,,,,
41,George Mukoya,Impala,2024,,,241,,,,,,,
41,George Mukoya,"Jackal, Black-backed",2013,,,228,,,,,,,
41,George Mukoya,"Jackal, Black-backed",2014,,,255,,,,,,,
41,George Mukoya,"Jackal, Black-backed",2015,,,239,,,,,,,
41,George Mukoya,"Jackal, Black-backed",2016,,,252,,,,,,,
41,George Mukoya,"Jackal, Black-backed",2017,,,252,,,,,,,
41,George Mukoya,"Jackal, Black-backed",2018,,,237,,,,,,,
41,George Mukoya,"Jackal, Black-backed",2019,,,255,,,,,,,
41,George Mukoya,"Jackal, Black-backed",2020,,,254,,,,,,,
41,George Mukoya,"Jackal, Black-backed",2021,,,242,,,,,,,
41,George Mukoya,"Jackal, Black-backed",2022,,,221,,,,,,,
41,George Mukoya,"Jackal, Black-backed",2023,,,241,,,,,,,
41,George Mukoya,"Jackal, Black-backed",2024,,,241,,,,,,,
41,George Mukoya,Kori Bustard,2013,,,228,,,,,,,
41,George Mukoya,Kori Bustard,2014,,,255,,,,,,,
41,George Mukoya,Kori Bustard,2015,,,239,,,,,,,
41,George Mukoya,Kori Bustard,2016,,,252,,,,,,,
41,George Mukoya,Kori Bustard,2017,,,252,,,,,,,
41,George Mukoya,Kori Bustard,2018,,,237,,,,,,,
41,George Mukoya,Kori Bustard,2019,,,255,,,,,,,
41,George Mukoya,Kori Bustard,2020,,,254,,,,,,,
41,George Mukoya,Kori Bustard,2021,,,242,,,,,,,
41,George Mukoya,Kori Bustard,2022,,,221,,,,,,,
41,George Mukoya,Kori Bustard,2023,,,241,,,,,,,
41,George Mukoya,Kori Bustard,2024,,,241,,,,,,,
41,George Mukoya,Kudu,2013,2,1,228,0.9,,,,,,
41,George Mukoya,Kudu,2014,59,13,255,23.2,,,,,,
41,George Mukoya,Kudu,2015,31,6,239,13,,,,,,
41,George Mukoya,Kudu,2016,14,6,252,5.6,,,,,,
41,George Mukoya,Kudu,2017,47,10,252,18.7,,,,,,
41,George Mukoya,Kudu,2018,93,11,237,39.3,,,,,,
41,George Mukoya,Kudu,2019,17,7,255,6.7,,,,,,
41,George Mukoya,Kudu,2020,41,13,254,16.1,,,,,,
41,George Mukoya,Kudu,2021,131,16,242,54.1,,,,,,
41,George Mukoya,Kudu,2022,85,14,221,38.5,,,,,,
41,George Mukoya,Kudu,2023,18,6,241,7.5,,,,,,
41,George Mukoya,Kudu,2024,53,11,241,22,,,,,,
41,George Mukoya,Leopard,2013,,,228,,,,,,,
41,George Mukoya,Leopard,2014,,,255,,,,,,,
41,George Mukoya,Leopard,2015,,,239,,,,,,,
41,George Mukoya,Leopard,2016,,,252,,,,,,,
41,George Mukoya,Leopard,2017,2,1,252,0.8,,,,,,
41,George Mukoya,Leopard,2018,,,237,,,,,,,
41,George Mukoya,Leopard,2019,,,255,,,,,,,
41,George Mukoya,Leopard,2020,,,254,,,,,,,
41,George Mukoya,Leopard,2021,3,2,242,1.2,,,,,,
41,George Mukoya,Leopard,2022,,,221,,,,,,,
41,George Mukoya,Leopard,2023,,,241,,,,,,,
41,George Mukoya,Leopard,2024,,,241,,,,,,,
41,George Mukoya,Lion,2013,,,228,,,,,,,
41,George Mukoya,Lion,2014,,,255,,,,,,,
41,George Mukoya,Lion,2015,,,239,,,,,,,
41,George Mukoya,Lion,2016,,,252,,,,,,,
41,George Mukoya,Lion,2017,,,252,,,,,,,
41,George Mukoya,Lion,2018,,,237,,,,,,,
41,George Mukoya,Lion,2019,,,255,,,,,,,
41,George Mukoya,Lion,2020,,,254,,,,,,,
41,George Mukoya,Lion,2021,,,242,,,,,,,
41,George Mukoya,Lion,2022,,,221,,,,,,,
41,George Mukoya,Lion,2023,,,241,,,,,,,
41,George Mukoya,Lion,2024,,,241,,,,,,,
41,George Mukoya,Ostrich,2013,,,228,,,,,,,
41,George Mukoya,Ostrich,2014,6,1,255,2.4,,,,,,
41,George Mukoya,Ostrich,2015,5,2,239,2.1,,,,,,
41,George Mukoya,Ostrich,2016,3,2,252,1.2,,,,,,
41,George Mukoya,Ostrich,2017,,,252,,,,,,,
41,George Mukoya,Ostrich,2018,13,3,237,5.5,,,,,,
41,George Mukoya,Ostrich,2019,1,1,255,0.4,,,,,,
41,George Mukoya,Ostrich,2020,2,2,254,0.8,,,,,,
41,George Mukoya,Ostrich,2021,,,242,,,,,,,
41,George Mukoya,Ostrich,2022,,,221,,,,,,,
41,George Mukoya,Ostrich,2023,,,241,,,,,,,
41,George Mukoya,Ostrich,2024,3,2,241,1.2,,,,,,
41,George Mukoya,Porcupine,2013,,,228,,,,,,,
41,George Mukoya,Porcupine,2014,,,255,,,,,,,
41,George Mukoya,Porcupine,2015,,,239,,,,,,,
41,George Mukoya,Porcupine,2016,,,252,,,,,,,
41,George Mukoya,Porcupine,2017,,,252,,,,,,,
41,George Mukoya,Porcupine,2018,,,237,,,,,,,
41,George Mukoya,Porcupine,2019,2,1,255,0.8,,,,,,
41,George Mukoya,Porcupine,2020,,,254,,,,,,,
41,George Mukoya,Porcupine,2021,,,242,,,,,,,
41,George Mukoya,Porcupine,2022,,,221,,,,,,,
41,George Mukoya,Porcupine,2023,,,241,,,,,,,
41,George Mukoya,Porcupine,2024,,,241,,,,,,,
41,George Mukoya,Roan,2013,20,2,228,8.8,,,,,,
41,George Mukoya,Roan,2014,2,1,255,0.8,,,,,,
41,George Mukoya,Roan,2015,3,3,239,1.3,,,,,,
41,George Mukoya,Roan,2016,4,3,252,1.6,,,,,,
41,George Mukoya,Roan,2017,32,9,252,12.7,,,,,,
41,George Mukoya,Roan,2018,10,4,237,4.2,,,,,,
41,George Mukoya,Roan,2019,56,14,255,22,,,,,,
41,George Mukoya,Roan,2020,69,9,254,27.1,,,,,,
41,George Mukoya,Roan,2021,55,13,242,22.7,,,,,,
41,George Mukoya,Roan,2022,54,12,221,24.4,,,,,,
41,George Mukoya,Roan,2023,26,6,241,10.8,,,,,,
41,George Mukoya,Roan,2024,86,17,241,35.7,,,,,,
41,George Mukoya,Sable,2013,,,228,,,,,,,
41,George Mukoya,Sable,2014,,,255,,,,,,,
41,George Mukoya,Sable,2015,,,239,,,,,,,
41,George Mukoya,Sable,2016,,,252,,,,,,,
41,George Mukoya,Sable,2017,,,252,,,,,,,
41,George Mukoya,Sable,2018,,,237,,,,,,,
41,George Mukoya,Sable,2019,,,255,,,,,,,
41,George Mukoya,Sable,2020,,,254,,,,,,,
41,George Mukoya,Sable,2021,,,242,,,,,,,
41,George Mukoya,Sable,2022,,,221,,,,,,,
41,George Mukoya,Sable,2023,,,241,,,,,,,
41,George Mukoya,Sable,2024,,,241,,,,,,,
41,George Mukoya,Scrub hare,2013,,,228,,,,,,,
41,George Mukoya,Scrub hare,2014,,,255,,,,,,,
41,George Mukoya,Scrub hare,2015,,,239,,,,,,,
41,George Mukoya,Scrub hare,2016,,,252,,,,,,,
41,George Mukoya,Scrub hare,2017,,,252,,,,,,,
41,George Mukoya,Scrub hare,2018,,,237,,,,,,,
41,George Mukoya,Scrub hare,2019,,,255,,,,,,,
41,George Mukoya,Scrub hare,2020,,,254,,,,,,,
41,George Mukoya,Scrub hare,2021,,,242,,,,,,,
41,George Mukoya,Scrub hare,2022,,,221,,,,,,,
41,George Mukoya,Scrub hare,2023,1,1,241,0.4,,,,,,
41,George Mukoya,Scrub hare,2024,,,241,,,,,,,
41,George Mukoya,Spotted Hyaena,2013,,,228,,,,,,,
41,George Mukoya,Spotted Hyaena,2014,,,255,,,,,,,
41,George Mukoya,Spotted Hyaena,2015,1,1,239,0.4,,,,,,
41,George Mukoya,Spotted Hyaena,2016,1,1,252,0.4,,,,,,
41,George Mukoya,Spotted Hyaena,2017,,,252,,,,,,,
41,George Mukoya,Spotted Hyaena,2018,,,237,,,,,,,
41,George Mukoya,Spotted Hyaena,2019,,,255,,,,,,,
41,George Mukoya,Spotted Hyaena,2020,,,254,,,,,,,
41,George Mukoya,Spotted Hyaena,2021,,,242,,,,,,,
41,George Mukoya,Spotted Hyaena,2022,,,221,,,,,,,
41,George Mukoya,Spotted Hyaena,2023,,,241,,,,,,,
41,George Mukoya,Spotted Hyaena,2024,,,241,,,,,,,
41,George Mukoya,Springbok,2013,,,228,,,,,,,
41,George Mukoya,Springbok,2014,,,255,,,,,,,
41,George Mukoya,Springbok,2015,,,239,,,,,,,
41,George Mukoya,Springbok,2016,,,252,,,,,,,
41,George Mukoya,Springbok,2017,,,252,,,,,,,
41,George Mukoya,Springbok,2018,,,237,,,,,,,
41,George Mukoya,Springbok,2019,,,255,,,,,,,
41,George Mukoya,Springbok,2020,,,254,,,,,,,
41,George Mukoya,Springbok,2021,,,242,,,,,,,
41,George Mukoya,Springbok,2022,,,221,,,,,,,
41,George Mukoya,Springbok,2023,1,1,241,0.4,,,,,,
41,George Mukoya,Springbok,2024,,,241,,,,,,,
41,George Mukoya,Steenbok,2013,8,7,228,3.5,,,,,,
41,George Mukoya,Steenbok,2014,14,12,255,5.5,,,,,,
41,George Mukoya,Steenbok,2015,9,7,239,3.8,,,,,,
41,George Mukoya,Steenbok,2016,6,6,252,2.4,,,,,,
41,George Mukoya,Steenbok,2017,7,6,252,2.8,,,,,,
41,George Mukoya,Steenbok,2018,9,7,237,3.8,,,,,,
41,George Mukoya,Steenbok,2019,6,6,255,2.4,,,,,,
41,George Mukoya,Steenbok,2020,15,13,254,5.9,,,,,,
41,George Mukoya,Steenbok,2021,15,12,242,6.2,,,,,,
41,George Mukoya,Steenbok,2022,9,7,221,4.1,,,,,,
41,George Mukoya,Steenbok,2023,10,9,241,4.1,,,,,,
41,George Mukoya,Steenbok,2024,4,4,241,1.7,,,,,,
41,George Mukoya,Vervet Monkey,2013,2,1,228,0.9,,,,,,
41,George Mukoya,Vervet Monkey,2014,,,255,,,,,,,
41,George Mukoya,Vervet Monkey,2015,39,3,239,16.3,,,,,,
41,George Mukoya,Vervet Monkey,2016,1,1,252,0.4,,,,,,
41,George Mukoya,Vervet Monkey,2017,35,2,252,13.9,,,,,,
41,George Mukoya,Vervet Monkey,2018,20,1,237,8.5,,,,,,
41,George Mukoya,Vervet Monkey,2019,,,255,,,,,,,
41,George Mukoya,Vervet Monkey,2020,21,1,254,8.3,,,,,,
41,George Mukoya,Vervet Monkey,2021,,,242,,,,,,,
41,George Mukoya,Vervet Monkey,2022,6,2,221,2.7,,,,,,
41,George Mukoya,Vervet Monkey,2023,,,241,,,,,,,
41,George Mukoya,Vervet Monkey,2024,,,241,,,,,,,
41,George Mukoya,Warthog,2013,,,228,,,,,,,
41,George Mukoya,Warthog,2014,2,2,255,0.8,,,,,,
41,George Mukoya,Warthog,2015,25,6,239,10.4,,,,,,
41,George Mukoya,Warthog,2016,,,252,,,,,,,
41,George Mukoya,Warthog,2017,8,3,252,3.2,,,,,,
41,George Mukoya,Warthog,2018,9,3,237,3.8,,,,,,
41,George Mukoya,Warthog,2019,6,2,255,2.4,,,,,,
41,George Mukoya,Warthog,2020,10,4,254,3.9,,,,,,
41,George Mukoya,Warthog,2021,5,1,242,2.1,,,,,,
41,George Mukoya,Warthog,2022,1,1,221,0.5,,,,,,
41,George Mukoya,Warthog,2023,2,1,241,0.8,,,,,,
41,George Mukoya,Warthog,2024,,,241,,,,,,,
41,George Mukoya,Wild dog,2013,,,228,,,,,,,
41,George Mukoya,Wild dog,2014,,,255,,,,,,,
41,George Mukoya,Wild dog,2015,,,239,,,,,,,
41,George Mukoya,Wild dog,2016,,,252,,,,,,,
41,George Mukoya,Wild dog,2017,,,252,,,,,,,
41,George Mukoya,Wild dog,2018,,,237,,,,,,,
41,George Mukoya,Wild dog,2019,,,255,,,,,,,
41,George Mukoya,Wild dog,2020,,,254,,,,,,,
41,George Mukoya,Wild dog,2021,,,242,,,,,,,
41,George Mukoya,Wild dog,2022,,,221,,,,,,,
41,George Mukoya,Wild dog,2023,,,241,,,,,,,
41,George Mukoya,Wild dog,2024,4,1,241,1.7,,,,,,
41,George Mukoya,Wildebeest,2013,,,228,,,,,,,
41,George Mukoya,Wildebeest,2014,,,255,,,,,,,
41,George Mukoya,Wildebeest,2015,,,239,,,,,,,
41,George Mukoya,Wildebeest,2016,,,252,,,,,,,
41,George Mukoya,Wildebeest,2017,4,1,252,1.6,,,,,,
41,George Mukoya,Wildebeest,2018,25,1,237,10.6,,,,,,
41,George Mukoya,Wildebeest,2019,60,5,255,23.6,,,,,,
41,George Mukoya,Wildebeest,2020,23,3,254,9,,,,,,
41,George Mukoya,Wildebeest,2021,,,242,,,,,,,
41,George Mukoya,Wildebeest,2022,2,1,221,0.9,,,,,,
41,George Mukoya,Wildebeest,2023,40,1,241,16.6,,,,,,
41,George Mukoya,Wildebeest,2024,12,3,241,5,,,,,,