Year,ID_Location,Name,Total route length (km),Total duration (hrs),Number of routes,Area Excluded (km2),Total area (km2),,,,,,,,,,,,,,,,,,
2024,65,!Khoro !Goreb,123,5.1,2,406,1283,,,,,,,,,,,,,,,,,,
2024,50,//Audi,44,3.9,2,0,335,,,,,,,,,,,,,,,,,,
2024,22,//Huab,424.2,28.8,8,75,1817,,,,,,,,,,,,,,,,,,
2024,30,≠Gaingu,750.4,33.1,10,1317,7731,,,,,,,,,,,,,,,,,,
2024,3,≠Khoadi-//Hôas,477,28.4,9,1513,3364,,,,,,,,,,,,,,,,,,
2024,25,Anabeb,218,16.9,5,839,1570,,,,,,,,,,,,,,,,,,
2024,6,Doro !nawas,450.9,18.9,9,228,4135,,,,,,,,,,,,,,,,,,
2024,13,Ehi-Rovipuka,272,16.2,5,562,1980,,,,,,,,,,,,,,,,,,
2024,79,Etanga,102,9.8,4,193,908,,,,,,,,,,,,,,,,,,
2024,9003,Etendeka,127.3,10.7,3,278,508,,,,,,,,,,,,,,,,,,
2024,9002,Hobatere,114,9.2,4,13,258,,,,,,,,,,,,,,,,,,
2024,11,Marienfluss,293,13.7,5,862,3036,,,,,,,,,,,,,,,,,,
2024,48,Ohungu,189,10.9,3,169,1196,,,,,,,,,,,,,,,,,,
2024,21,Okangundumba,141,10.2,3,327,1131,,,,,,,,,,,,,,,,,,
2024,53,Okondjombo,235,12.5,4,264,1644,,,,,,,,,,,,,,,,,,
2024,17,Omatendeka,217.7,13.5,4,775,1619,,,,,,,,,,,,,,,,,,
2024,70,Ombujokanguindi,163.1,13.4,4,169,1160,,,,,,,,,,,,,,,,,,
2024,69,Ongongo,88,7.6,5,327,501,,,,,,,,,,,,,,,,,,
2024,20,Orupembe,301,14.4,6,264,3565,,,,,,,,,,,,,,,,,,
2024,62,Orupupa,196.1,12.2,3,775,1234,,,,,,,,,,,,,,,,,,
2024,54,Otjambangu,64,13.7,2,259,348,,,,,,,,,,,,,,,,,,
2024,78,Otjikondavirongo,172.5,10,4,615,1067,,,,,,,,,,,,,,,,,,
2024,18,Otjimboyo,90.4,5.4,2,129,448,,,,,,,,,,,,,,,,,,
2024,72,Otjiu-West,86.5,3,2,858,1100,,,,,,,,,,,,,,,,,,
2024,71,Otuzemba,100.1,7.2,3,190,742,,,,,,,,,,,,,,,,,,
2024,28,Ozondundu,89,6.7,2,407,745,,,,,,,,,,,,,,,,,,
2024,9001,Palmwag,597.1,35.9,11,2556,5828,,,,,,,,,,,,,,,,,,
2024,10,Puros,306.6,18.6,6,1104,3562,,,,,,,,,,,,,,,,,,
2024,27,Sanitatas,194,8.4,4,401,1446,,,,,,,,,,,,,,,,,,
2024,26,Sesfontein,300.1,19.3,7,1037,2465,,,,,,,,,,,,,,,,,,
2024,8012,Skeleton Coast Park,388.9,7.4,7,0,16820,,,,,,,,,,,,,,,,,,
2024,15,Sorris Sorris,212,10.5,4,411,2290,,,,,,,,,,,,,,,,,,
2024,4,Torra,497.8,32,8,859,3493,,,,,,,,,,,,,,,,,,
2024,12,Tsiseb,490.4,19.1,7,1223,7914,,,,,,,,,,,,,,,,,,
2023,65,!Khoro !Goreb,159,10.7,2,406,1283,,,,,,,,,,,,,,,,,,
2023,50,//Audi,57,5.1,2,0,335,,,,,,,,,,,,,,,,,,
2023,22,//Huab,424,37.5,8,75,1817,,,,,,,,,,,,,,,,,,
2023,30,≠Gaingu,806.6,41.7,10,1317,7731,,,,,,,,,,,,,,,,,,
2023,3,≠Khoadi-//Hôas,476.6,32.1,9,1513,3364,,,,,,,,,,,,,,,,,,
2023,25,Anabeb,241.3,13.3,5,839,1570,,,,,,,,,,,,,,,,,,
2023,6,Doro !nawas,491.2,26.9,9,228,4135,,,,,,,,,,,,,,,,,,
2023,13,Ehi-Rovipuka,276.6,16.6,5,562,1980,,,,,,,,,,,,,,,,,,
2023,9003,Etendeka,121,9.5,3,278,508,,,,,,,,,,,,,,,,,,
2023,9002,Hobatere,94.1,7.7,4,13,258,,,,,,,,,,,,,,,,,,
2023,11,Marienfluss,273.2,15.3,5,862,3036,,,,,,,,,,,,,,,,,,
2023,48,Ohungu,188.4,11.9,3,169,1196,,,,,,,,,,,,,,,,,,
2023,21,Okangundumba,141,8.4,3,327,1131,,,,,,,,,,,,,,,,,,
2023,53,Okondjombo,189.6,11.2,4,264,1644,,,,,,,,,,,,,,,,,,
2023,17,Omatendeka,188.9,13.7,4,775,1619,,,,,,,,,,,,,,,,,,
2023,70,Ombujokanguindi,163.4,11.2,4,169,1160,,,,,,,,,,,,,,,,,,
2023,69,Ongongo,86.5,4.9,4,327,501,,,,,,,,,,,,,,,,,,
2023,20,Orupembe,297,15.4,6,264,3565,,,,,,,,,,,,,,,,,,
2023,62,Orupupa,154.7,12.6,3,775,1234,,,,,,,,,,,,,,,,,,
2023,54,Otjambangu,38,3.5,1,259,348,,,,,,,,,,,,,,,,,,
2023,78,Otjikondavirongo,128.6,9.4,4,615,1067,,,,,,,,,,,,,,,,,,
2023,18,Otjimboyo,98,6.4,2,129,448,,,,,,,,,,,,,,,,,,
2023,72,Otjiu-West,89.3,3.8,2,858,1100,,,,,,,,,,,,,,,,,,
2023,71,Otuzemba,100.6,8.5,3,190,742,,,,,,,,,,,,,,,,,,
2023,28,Ozondundu,88.6,6.5,2,407,745,,,,,,,,,,,,,,,,,,
2023,9001,Palmwag,509.8,28.3,10,2556,5828,,,,,,,,,,,,,,,,,,
2023,10,Puros,327,19.2,6,1104,3562,,,,,,,,,,,,,,,,,,
2023,27,Sanitatas,152,8.3,4,401,1446,,,,,,,,,,,,,,,,,,
2023,26,Sesfontein,298,12.6,7,1037,2465,,,,,,,,,,,,,,,,,,
2023,15,Sorris Sorris,265.4,13.4,4,411,2290,,,,,,,,,,,,,,,,,,
2023,4,Torra,515.2,33.8,8,859,3493,,,,,,,,,,,,,,,,,,
2023,12,Tsiseb,677.9,22.5,8,1223,7914,,,,,,,,,,,,,,,,,,
2022,65,!Khoro !Goreb,184,11.1,3,406,1283,,,,,,,,,,,,,,,,,,
2022,50,//Audi,63.5,4.2,2,0,335,,,,,,,,,,,,,,,,,,
2022,22,//Huab,412.4,28.6,8,75,1817,,,,,,,,,,,,,,,,,,
2022,30,≠Gaingu,712.7,23.6,10,1317,7731,,,,,,,,,,,,,,,,,,
2022,3,≠Khoadi-//Hôas,507,28.8,9,1513,3364,,,,,,,,,,,,,,,,,,
2022,25,Anabeb,227.8,15.8,5,839,1570,,,,,,,,,,,,,,,,,,
2022,6,Doro !nawas,503.1,22.2,9,228,4135,,,,,,,,,,,,,,,,,,
2022,13,Ehi-Rovipuka,271,17.1,5,562,1980,,,,,,,,,,,,,,,,,,
2022,9003,Etendeka,103,4.4,3,278,508,,,,,,,,,,,,,,,,,,
2022,9002,Hobatere,87.5,2.8,4,13,258,,,,,,,,,,,,,,,,,,
2022,11,Marienfluss,294,9.8,5,862,3036,,,,,,,,,,,,,,,,,,
2022,48,Ohungu,191.1,3.5,3,169,1196,,,,,,,,,,,,,,,,,,
2022,21,Okangundumba,147,13,3,327,1131,,,,,,,,,,,,,,,,,,
2022,53,Okondjombo,179.1,14,4,264,1644,,,,,,,,,,,,,,,,,,
2022,17,Omatendeka,216.5,15.2,4,775,1619,,,,,,,,,,,,,,,,,,
2022,70,Ombujokanguindi,181,10.6,4,169,1160,,,,,,,,,,,,,,,,,,
2022,69,Ongongo,76.9,8,4,327,501,,,,,,,,,,,,,,,,,,
2022,20,Orupembe,343.1,19.9,7,264,3565,,,,,,,,,,,,,,,,,,
2022,62,Orupupa,173,9.1,3,775,1234,,,,,,,,,,,,,,,,,,
2022,54,Otjambangu,43,,1,259,348,,,,,,,,,,,,,,,,,,
2022,78,Otjikondavirongo,125.1,8.1,4,615,1067,,,,,,,,,,,,,,,,,,
2022,18,Otjimboyo,97,6.9,2,129,448,,,,,,,,,,,,,,,,,,
2022,72,Otjiu-West,101,6.7,2,858,1100,,,,,,,,,,,,,,,,,,
2022,71,Otuzemba,101.7,8.5,3,190,742,,,,,,,,,,,,,,,,,,
2022,28,Ozondundu,88,2.3,2,407,745,,,,,,,,,,,,,,,,,,
2022,9001,Palmwag,506,13.5,10,2556,5828,,,,,,,,,,,,,,,,,,
2022,10,Puros,313.9,15.2,6,1104,3562,,,,,,,,,,,,,,,,,,
2022,27,Sanitatas,155.6,8.2,4,401,1446,,,,,,,,,,,,,,,,,,
2022,26,Sesfontein,238.3,10.3,6,1037,2465,,,,,,,,,,,,,,,,,,
2022,8012,Skeleton Coast Park,398,20.8,7,0,16820,,,,,,,,,,,,,,,,,,
2022,15,Sorris Sorris,210,10.6,4,411,2290,,,,,,,,,,,,,,,,,,
2022,4,Torra,464,31.1,8,859,3493,,,,,,,,,,,,,,,,,,
2022,12,Tsiseb,580.2,27.3,8,1223,7914,,,,,,,,,,,,,,,,,,
2021,65,!Khoro !Goreb,102,8.7,2,406,1283,,,,,,,,,,,,,,,,,,
2021,50,//Audi,48,4.4,2,0,335,,,,,,,,,,,,,,,,,,
2021,22,//Huab,441,23.6,8,75,1817,,,,,,,,,,,,,,,,,,
2021,30,≠Gaingu,733.5,35.1,10,1317,7731,,,,,,,,,,,,,,,,,,
2021,3,≠Khoadi-//Hôas,480.6,33.5,9,1513,3364,,,,,,,,,,,,,,,,,,
2021,25,Anabeb,233.1,10.5,5,839,1570,,,,,,,,,,,,,,,,,,
2021,6,Doro !nawas,485,15.7,9,228,4135,,,,,,,,,,,,,,,,,,
2021,13,Ehi-Rovipuka,273,18.2,5,562,1980,,,,,,,,,,,,,,,,,,
2021,9003,Etendeka,135,12,3,278,508,,,,,,,,,,,,,,,,,,
2021,9002,Hobatere,96.3,8.9,4,13,258,,,,,,,,,,,,,,,,,,
2021,11,Marienfluss,280.8,13.5,5,862,3036,,,,,,,,,,,,,,,,,,
2021,48,Ohungu,174.5,12.5,3,169,1196,,,,,,,,,,,,,,,,,,
2021,21,Okangundumba,139,7.4,3,327,1131,,,,,,,,,,,,,,,,,,
2021,53,Okondjombo,192,15.4,4,264,1644,,,,,,,,,,,,,,,,,,
2021,17,Omatendeka,211,14.2,4,775,1619,,,,,,,,,,,,,,,,,,
2021,70,Ombujokanguindi,158,11.4,4,169,1160,,,,,,,,,,,,,,,,,,
2021,69,Ongongo,64,6.2,4,327,501,,,,,,,,,,,,,,,,,,
2021,20,Orupembe,292.1,15.8,6,264,3565,,,,,,,,,,,,,,,,,,
2021,62,Orupupa,159,12.3,3,775,1234,,,,,,,,,,,,,,,,,,
2021,54,Otjambangu,56,3.8,1,259,348,,,,,,,,,,,,,,,,,,
2021,78,Otjikondavirongo,135.2,8.3,4,615,1067,,,,,,,,,,,,,,,,,,
2021,18,Otjimboyo,93.4,4.5,2,129,448,,,,,,,,,,,,,,,,,,
2021,72,Otjiu-West,87.7,5.7,2,858,1100,,,,,,,,,,,,,,,,,,
2021,71,Otuzemba,102,8.3,3,190,742,,,,,,,,,,,,,,,,,,
2021,28,Ozondundu,77,6,2,407,745,,,,,,,,,,,,,,,,,,
2021,9001,Palmwag,618.9,33.7,12,2556,5828,,,,,,,,,,,,,,,,,,
2021,10,Puros,328,14.6,6,1104,3562,,,,,,,,,,,,,,,,,,
2021,27,Sanitatas,151.4,9.7,4,401,1446,,,,,,,,,,,,,,,,,,
2021,26,Sesfontein,307.4,14.8,7,1037,2465,,,,,,,,,,,,,,,,,,
2021,8012,Skeleton Coast Park,224,10,3,0,16820,,,,,,,,,,,,,,,,,,
2021,15,Sorris Sorris,205.7,8,4,411,2290,,,,,,,,,,,,,,,,,,
2021,4,Torra,494.9,31.6,8,859,3493,,,,,,,,,,,,,,,,,,
2021,12,Tsiseb,641.2,24.7,8,1223,7914,,,,,,,,,,,,,,,,,,
2020,65,!Khoro !Goreb,143,7.3,3,406,1283,,,,,,,,,,,,,,,,,,
2020,50,//Audi,48,1.7,2,0,335,,,,,,,,,,,,,,,,,,
2020,22,//Huab,441,12.3,8,75,1817,,,,,,,,,,,,,,,,,,
2020,30,≠Gaingu,733.5,31.2,10,1317,7731,,,,,,,,,,,,,,,,,,
2020,3,≠Khoadi-//Hôas,480.6,26.8,9,1513,3364,,,,,,,,,,,,,,,,,,
2020,25,Anabeb,233.1,13,5,839,1570,,,,,,,,,,,,,,,,,,
2020,6,Doro !nawas,485,22.6,9,228,4135,,,,,,,,,,,,,,,,,,
2020,13,Ehi-Rovipuka,273,18.5,5,562,1980,,,,,,,,,,,,,,,,,,
2020,9003,Etendeka,135,11,3,278,508,,,,,,,,,,,,,,,,,,
2020,9002,Hobatere,96.3,11.6,4,13,258,,,,,,,,,,,,,,,,,,
2020,11,Marienfluss,280.8,12.9,5,862,3036,,,,,,,,,,,,,,,,,,
2020,48,Ohungu,174.5,,3,169,1196,,,,,,,,,,,,,,,,,,
2020,21,Okangundumba,139,9,3,327,1131,,,,,,,,,,,,,,,,,,
2020,53,Okondjombo,192,14.5,4,264,1644,,,,,,,,,,,,,,,,,,
2020,17,Omatendeka,211,16.2,4,775,1619,,,,,,,,,,,,,,,,,,
2020,70,Ombujokanguindi,158,10.6,4,169,1160,,,,,,,,,,,,,,,,,,
2020,69,Ongongo,64,8.1,4,327,501,,,,,,,,,,,,,,,,,,
2020,20,Orupembe,292.1,18.4,6,264,3565,,,,,,,,,,,,,,,,,,
2020,62,Orupupa,159,14.4,3,775,1234,,,,,,,,,,,,,,,,,,
2020,54,Otjambangu,56,3.1,1,259,348,,,,,,,,,,,,,,,,,,
2020,78,Otjikondavirongo,135.2,8.6,4,615,1067,,,,,,,,,,,,,,,,,,
2020,18,Otjimboyo,93.4,4.4,2,129,448,,,,,,,,,,,,,,,,,,
2020,72,Otjiu-West,87.7,6.4,2,858,1100,,,,,,,,,,,,,,,,,,
2020,71,Otuzemba,102,7.8,3,190,742,,,,,,,,,,,,,,,,,,
2020,28,Ozondundu,77,3.7,2,407,745,,,,,,,,,,,,,,,,,,
2020,9001,Palmwag,548.9,37.8,11,2556,5828,,,,,,,,,,,,,,,,,,
2020,10,Puros,328,16.6,6,1104,3562,,,,,,,,,,,,,,,,,,
2020,27,Sanitatas,151.4,9,4,401,1446,,,,,,,,,,,,,,,,,,
2020,26,Sesfontein,307.4,14.5,7,1037,2465,,,,,,,,,,,,,,,,,,
2020,8012,Skeleton Coast Park,342,18.6,6,0,16820,,,,,,,,,,,,,,,,,,
2020,15,Sorris Sorris,205.7,8.8,4,411,2290,,,,,,,,,,,,,,,,,,
2020,4,Torra,494.9,33.1,8,859,3493,,,,,,,,,,,,,,,,,,
2020,12,Tsiseb,641.2,24,8,1223,7914,,,,,,,,,,,,,,,,,,
2019,65,!Khoro !Goreb,143,9,3,406,1283,,,,,,,,,,,,,,,,,,
2019,50,//Audi,48,4.1,2,0,335,,,,,,,,,,,,,,,,,,
2019,22,//Huab,441,27.8,8,75,1817,,,,,,,,,,,,,,,,,,
2019,30,≠Gaingu,691.5,31.9,9,1317,7731,,,,,,,,,,,,,,,,,,
2019,3,≠Khoadi-//Hôas,480.6,31.9,9,1513,3364,,,,,,,,,,,,,,,,,,
2019,25,Anabeb,233.1,10.6,5,839,1570,,,,,,,,,,,,,,,,,,
2019,6,Doro !nawas,520,31.5,9,228,4135,,,,,,,,,,,,,,,,,,
2019,13,Ehi-Rovipuka,273,16.7,5,562,1980,,,,,,,,,,,,,,,,,,
2019,9003,Etendeka,135,13,3,278,508,,,,,,,,,,,,,,,,,,
2019,9002,Hobatere,96.3,7.7,4,13,258,,,,,,,,,,,,,,,,,,
2019,11,Marienfluss,280.8,13.9,5,862,3036,,,,,,,,,,,,,,,,,,
2019,48,Ohungu,174.5,9.5,3,169,1196,,,,,,,,,,,,,,,,,,
2019,21,Okangundumba,139,10.4,3,327,1131,,,,,,,,,,,,,,,,,,
2019,53,Okondjombo,192,13.6,4,264,1644,,,,,,,,,,,,,,,,,,
2019,17,Omatendeka,211,14.3,4,775,1619,,,,,,,,,,,,,,,,,,
2019,70,Ombujokanguindi,158,11.5,4,169,1160,,,,,,,,,,,,,,,,,,
2019,69,Ongongo,64,1.8,4,327,501,,,,,,,,,,,,,,,,,,
2019,20,Orupembe,292.1,16.3,6,264,3565,,,,,,,,,,,,,,,,,,
2019,62,Orupupa,159,8,3,775,1234,,,,,,,,,,,,,,,,,,
2019,54,Otjambangu,56,4.2,1,259,348,,,,,,,,,,,,,,,,,,
2019,78,Otjikondavirongo,135.2,7.8,4,615,1067,,,,,,,,,,,,,,,,,,
2019,18,Otjimboyo,93.4,5,2,129,448,,,,,,,,,,,,,,,,,,
2019,72,Otjiu-West,87.7,4.7,2,858,1100,,,,,,,,,,,,,,,,,,
2019,71,Otuzemba,102,7,3,190,742,,,,,,,,,,,,,,,,,,
2019,28,Ozondundu,77,6.4,2,407,745,,,,,,,,,,,,,,,,,,
2019,9001,Palmwag,548.9,22.2,11,2556,5828,,,,,,,,,,,,,,,,,,
2019,10,Puros,328,14.3,6,1104,3562,,,,,,,,,,,,,,,,,,
2019,27,Sanitatas,151.4,7,4,401,1446,,,,,,,,,,,,,,,,,,
2019,26,Sesfontein,307.4,16.5,7,1037,2465,,,,,,,,,,,,,,,,,,
2019,15,Sorris Sorris,205.7,8.2,4,411,2290,,,,,,,,,,,,,,,,,,
2019,4,Torra,494.9,34,8,859,3493,,,,,,,,,,,,,,,,,,
2019,12,Tsiseb,641.2,29.4,8,1223,7914,,,,,,,,,,,,,,,,,,
2018,65,!Khoro !Goreb,162,7.5,4,406,1283,,,,,,,,,,,,,,,,,,
2018,50,//Audi,40,5.7,2,0,335,,,,,,,,,,,,,,,,,,
2018,22,//Huab,413,29.8,8,75,1817,,,,,,,,,,,,,,,,,,
2018,30,≠Gaingu,709,32,10,1317,7731,,,,,,,,,,,,,,,,,,
2018,3,≠Khoadi-//Hôas,465,33.9,9,1513,3364,,,,,,,,,,,,,,,,,,
2018,25,Anabeb,207,16.7,5,839,1570,,,,,,,,,,,,,,,,,,
2018,6,Doro !nawas,516,32.4,9,228,4135,,,,,,,,,,,,,,,,,,
2018,13,Ehi-Rovipuka,269,17.2,5,562,1980,,,,,,,,,,,,,,,,,,
2018,9003,Etendeka,95,13.6,3,278,508,,,,,,,,,,,,,,,,,,
2018,9002,Hobatere,86,8.2,4,13,258,,,,,,,,,,,,,,,,,,
2018,11,Marienfluss,291,15.3,5,862,3036,,,,,,,,,,,,,,,,,,
2018,48,Ohungu,186,6.8,3,169,1196,,,,,,,,,,,,,,,,,,
2018,21,Okangundumba,138,9.5,3,327,1131,,,,,,,,,,,,,,,,,,
2018,53,Okondjombo,194,9.4,4,264,1644,,,,,,,,,,,,,,,,,,
2018,17,Omatendeka,210,12.5,4,775,1619,,,,,,,,,,,,,,,,,,
2018,70,Ombujokanguindi,199,11,4,169,1160,,,,,,,,,,,,,,,,,,
2018,69,Ongongo,78,5.9,4,327,501,,,,,,,,,,,,,,,,,,
2018,20,Orupembe,304,21.9,6,264,3565,,,,,,,,,,,,,,,,,,
2018,62,Orupupa,207,9,3,775,1234,,,,,,,,,,,,,,,,,,
2018,54,Otjambangu,58,4,1,259,348,,,,,,,,,,,,,,,,,,
2018,78,Otjikondavirongo,130,9.4,4,615,1067,,,,,,,,,,,,,,,,,,
2018,18,Otjimboyo,102,6.5,2,129,448,,,,,,,,,,,,,,,,,,
2018,72,Otjiu-West,90,5.2,2,858,1100,,,,,,,,,,,,,,,,,,
2018,71,Otuzemba,107,7.5,3,190,742,,,,,,,,,,,,,,,,,,
2018,28,Ozondundu,90,6.3,2,407,745,,,,,,,,,,,,,,,,,,
2018,9001,Palmwag,558,39.4,11,2556,5828,,,,,,,,,,,,,,,,,,
2018,10,Puros,309,19.3,6,1104,3562,,,,,,,,,,,,,,,,,,
2018,27,Sanitatas,165,9.6,4,401,1446,,,,,,,,,,,,,,,,,,
2018,26,Sesfontein,240.3,13.7,6,1037,2465,,,,,,,,,,,,,,,,,,
2018,8012,Skeleton Coast Park,342,16.3,6,0,16820,,,,,,,,,,,,,,,,,,
2018,15,Sorris Sorris,216,15.4,4,411,2290,,,,,,,,,,,,,,,,,,
2018,4,Torra,524,31.3,8,859,3493,,,,,,,,,,,,,,,,,,
2018,12,Tsiseb,567,22.8,8,1223,7914,,,,,,,,,,,,,,,,,,
2017,65,!Khoro !Goreb,75,5.8,2,606,1283,,,,,,,,,,,,,,,,,,
2017,50,//Audi,40,5.2,2,0,335,,,,,,,,,,,,,,,,,,
2017,22,//Huab,413,22,8,75,1817,,,,,,,,,,,,,,,,,,
2017,30,≠Gaingu,709,35.5,10,1317,7731,,,,,,,,,,,,,,,,,,
2017,3,≠Khoadi-//Hôas,465,30.9,9,1513,3364,,,,,,,,,,,,,,,,,,
2017,25,Anabeb,207,14.5,5,839,1570,,,,,,,,,,,,,,,,,,
2017,6,Doro !nawas,375,18.4,6,228,4135,,,,,,,,,,,,,,,,,,
2017,13,Ehi-Rovipuka,269,17,5,562,1980,,,,,,,,,,,,,,,,,,
2017,9003,Etendeka,95,10.9,3,278,508,,,,,,,,,,,,,,,,,,
2017,9002,Hobatere,86,9.7,4,13,258,,,,,,,,,,,,,,,,,,
2017,11,Marienfluss,291,13.8,5,862,3036,,,,,,,,,,,,,,,,,,
2017,48,Ohungu,186,10.4,3,169,1196,,,,,,,,,,,,,,,,,,
2017,21,Okangundumba,138,9.5,3,327,1131,,,,,,,,,,,,,,,,,,
2017,53,Okondjombo,194,12.4,4,264,1644,,,,,,,,,,,,,,,,,,
2017,17,Omatendeka,210,8.7,4,775,1619,,,,,,,,,,,,,,,,,,
2017,70,Ombujokanguindi,199,10.6,4,169,1160,,,,,,,,,,,,,,,,,,
2017,69,Ongongo,78,5.5,4,327,501,,,,,,,,,,,,,,,,,,
2017,20,Orupembe,304,15.1,6,264,3565,,,,,,,,,,,,,,,,,,
2017,62,Orupupa,207,9.5,3,775,1234,,,,,,,,,,,,,,,,,,
2017,54,Otjambangu,58,3.8,1,259,348,,,,,,,,,,,,,,,,,,
2017,78,Otjikondavirongo,130,7.1,4,615,1067,,,,,,,,,,,,,,,,,,
2017,18,Otjimboyo,102,4.5,2,129,448,,,,,,,,,,,,,,,,,,
2017,72,Otjiu-West,90,4.7,2,858,1100,,,,,,,,,,,,,,,,,,
2017,71,Otuzemba,107,7.8,3,190,742,,,,,,,,,,,,,,,,,,
2017,28,Ozondundu,90,9.8,2,407,745,,,,,,,,,,,,,,,,,,
2017,9001,Palmwag,558,31.9,11,2556,5828,,,,,,,,,,,,,,,,,,
2017,10,Puros,309,13.8,6,1104,3562,,,,,,,,,,,,,,,,,,
2017,27,Sanitatas,165,7.8,4,401,1446,,,,,,,,,,,,,,,,,,
2017,26,Sesfontein,303.3,15.7,7,1037,2465,,,,,,,,,,,,,,,,,,
2017,15,Sorris Sorris,216,13.4,4,411,2290,,,,,,,,,,,,,,,,,,
2017,4,Torra,524,29.8,8,859,3493,,,,,,,,,,,,,,,,,,
2017,12,Tsiseb,567,25.3,8,1223,7914,,,,,,,,,,,,,,,,,,
2016,65,!Khoro !Goreb,74,5.6,2,606,1283,,,,,,,,,,,,,,,,,,
2016,50,//Audi,40,2.8,2,0,335,,,,,,,,,,,,,,,,,,
2016,22,//Huab,413,25.3,8,75,1817,,,,,,,,,,,,,,,,,,
2016,30,≠Gaingu,709,33.1,10,1317,7731,,,,,,,,,,,,,,,,,,
2016,3,≠Khoadi-//Hôas,465,30.5,9,1513,3364,,,,,,,,,,,,,,,,,,
2016,25,Anabeb,207,14.3,5,839,1570,,,,,,,,,,,,,,,,,,
2016,6,Doro !nawas,453,29.8,8,228,4135,,,,,,,,,,,,,,,,,,
2016,13,Ehi-Rovipuka,269,17.3,5,562,1980,,,,,,,,,,,,,,,,,,
2016,9003,Etendeka,95,9.5,3,278,508,,,,,,,,,,,,,,,,,,
2016,9002,Hobatere,62,6.4,3,13,258,,,,,,,,,,,,,,,,,,
2016,11,Marienfluss,355,15.5,6,862,3036,,,,,,,,,,,,,,,,,,
2016,48,Ohungu,186,10.5,3,169,1196,,,,,,,,,,,,,,,,,,
2016,21,Okangundumba,138,10.4,3,327,1131,,,,,,,,,,,,,,,,,,
2016,53,Okondjombo,194,12.3,4,264,1644,,,,,,,,,,,,,,,,,,
2016,17,Omatendeka,210,13.5,4,775,1619,,,,,,,,,,,,,,,,,,
2016,70,Ombujokanguindi,161,9.2,3,169,1160,,,,,,,,,,,,,,,,,,
2016,69,Ongongo,78,6.6,4,327,501,,,,,,,,,,,,,,,,,,
2016,20,Orupembe,304,14.5,6,264,3565,,,,,,,,,,,,,,,,,,
2016,62,Orupupa,207,12.3,3,775,1234,,,,,,,,,,,,,,,,,,
2016,54,Otjambangu,58,4.3,1,259,348,,,,,,,,,,,,,,,,,,
2016,78,Otjikondavirongo,130,9.3,4,615,1067,,,,,,,,,,,,,,,,,,
2016,18,Otjimboyo,102,5.2,2,129,448,,,,,,,,,,,,,,,,,,
2016,72,Otjiu-West,90,4.7,2,858,1100,,,,,,,,,,,,,,,,,,
2016,71,Otuzemba,176,10.1,4,190,742,,,,,,,,,,,,,,,,,,
2016,28,Ozondundu,145,14.7,3,407,745,,,,,,,,,,,,,,,,,,
2016,9001,Palmwag,558,41.2,11,2556,5828,,,,,,,,,,,,,,,,,,
2016,10,Puros,309,15.8,6,1104,3562,,,,,,,,,,,,,,,,,,
2016,27,Sanitatas,165,8.2,4,401,1446,,,,,,,,,,,,,,,,,,
2016,26,Sesfontein,240.3,11.8,6,1037,2465,,,,,,,,,,,,,,,,,,
2016,15,Sorris Sorris,216,12.9,4,411,2290,,,,,,,,,,,,,,,,,,
2016,4,Torra,524,34.4,8,859,3493,,,,,,,,,,,,,,,,,,
2016,12,Tsiseb,567,28.4,8,1223,7914,,,,,,,,,,,,,,,,,,
2015,65,!Khoro !Goreb,151,15.5,4,606,1283,,,,,,,,,,,,,,,,,,
2015,22,//Huab,413,29.8,8,75,1817,,,,,,,,,,,,,,,,,,
2015,30,≠Gaingu,709,31.9,10,1317,7731,,,,,,,,,,,,,,,,,,
2015,3,≠Khoadi-//Hôas,465,34.6,9,1513,3364,,,,,,,,,,,,,,,,,,
2015,25,Anabeb,207,10.4,5,839,1570,,,,,,,,,,,,,,,,,,
2015,6,Doro !nawas,520,34.3,9,228,4135,,,,,,,,,,,,,,,,,,
2015,13,Ehi-Rovipuka,491,19.6,6,562,1980,,,,,,,,,,,,,,,,,,
2015,9003,Etendeka,95,7.6,3,278,508,,,,,,,,,,,,,,,,,,
2015,9002,Hobatere,62,6.2,3,13,258,,,,,,,,,,,,,,,,,,
2015,11,Marienfluss,291,15.4,5,862,3036,,,,,,,,,,,,,,,,,,
2015,48,Ohungu,186,12.7,3,169,1196,,,,,,,,,,,,,,,,,,
2015,21,Okangundumba,138,8.9,3,327,1131,,,,,,,,,,,,,,,,,,
2015,53,Okondjombo,194,12.1,4,264,1644,,,,,,,,,,,,,,,,,,
2015,17,Omatendeka,654,17.1,5,775,1619,,,,,,,,,,,,,,,,,,
2015,70,Ombujokanguindi,161,11,3,169,1160,,,,,,,,,,,,,,,,,,
2015,69,Ongongo,78,6,4,327,501,,,,,,,,,,,,,,,,,,
2015,20,Orupembe,304,16.5,6,264,3565,,,,,,,,,,,,,,,,,,
2015,62,Orupupa,207,11.6,4,775,1234,,,,,,,,,,,,,,,,,,
2015,54,Otjambangu,58,4,1,259,348,,,,,,,,,,,,,,,,,,
2015,78,Otjikondavirongo,38,2.3,1,615,1067,,,,,,,,,,,,,,,,,,
2015,18,Otjimboyo,102,5,2,129,448,,,,,,,,,,,,,,,,,,
2015,72,Otjiu-West,90,5.5,2,858,1100,,,,,,,,,,,,,,,,,,
2015,71,Otuzemba,107,6.6,3,190,742,,,,,,,,,,,,,,,,,,
2015,28,Ozondundu,90,6.8,2,407,745,,,,,,,,,,,,,,,,,,
2015,9001,Palmwag,558,36.7,11,2556,5828,,,,,,,,,,,,,,,,,,
2015,10,Puros,309,14.7,6,1104,3562,,,,,,,,,,,,,,,,,,
2015,27,Sanitatas,165,7.3,4,401,1446,,,,,,,,,,,,,,,,,,
2015,26,Sesfontein,303.3,13.4,7,1037,2465,,,,,,,,,,,,,,,,,,
2015,8012,Skeleton Coast Park,292,15.2,5,0,16820,,,,,,,,,,,,,,,,,,
2015,15,Sorris Sorris,241.6,20,5,411,2290,,,,,,,,,,,,,,,,,,
2015,4,Torra,524,33.3,8,859,3493,,,,,,,,,,,,,,,,,,
2015,12,Tsiseb,567,24.2,8,1223,7914,,,,,,,,,,,,,,,,,,
2014,65,!Khoro !Goreb,115,7.7,3,606,1283,,,,,,,,,,,,,,,,,,
2014,50,//Audi,28,1.9,1,0,335,,,,,,,,,,,,,,,,,,
2014,22,//Huab,413,25.5,8,75,1817,,,,,,,,,,,,,,,,,,
2014,30,≠Gaingu,645,29,10,1317,7731,,,,,,,,,,,,,,,,,,
2014,3,≠Khoadi-//Hôas,301,29.5,8,1513,3364,,,,,,,,,,,,,,,,,,
2014,25,Anabeb,215,13.4,5,839,1570,,,,,,,,,,,,,,,,,,
2014,6,Doro !nawas,475,24.8,8,228,4135,,,,,,,,,,,,,,,,,,
2014,13,Ehi-Rovipuka,269.7,13,5,562,1980,,,,,,,,,,,,,,,,,,
2014,9003,Etendeka,59.6,7.5,3,278,508,,,,,,,,,,,,,,,,,,
2014,11,Marienfluss,312,12.5,5,862,3036,,,,,,,,,,,,,,,,,,
2014,48,Ohungu,145.4,11.8,3,169,1196,,,,,,,,,,,,,,,,,,
2014,21,Okangundumba,148,8.2,3,327,1131,,,,,,,,,,,,,,,,,,
2014,53,Okondjombo,189,13,4,264,1644,,,,,,,,,,,,,,,,,,
2014,17,Omatendeka,214,11.5,4,775,1619,,,,,,,,,,,,,,,,,,
2014,70,Ombujokanguindi,163.6,10.4,4,579,1160,,,,,,,,,,,,,,,,,,
2014,69,Ongongo,75,6.2,4,168,501,,,,,,,,,,,,,,,,,,
2014,20,Orupembe,319,16.6,6,1216,3565,,,,,,,,,,,,,,,,,,
2014,62,Orupupa,188.7,11.7,3,1272,1234,,,,,,,,,,,,,,,,,,
2014,54,Otjambangu,46,4.6,1,259,348,,,,,,,,,,,,,,,,,,
2014,78,Otjikondavirongo,117,8.4,4,615,1067,,,,,,,,,,,,,,,,,,
2014,18,Otjimboyo,64,5.8,2,129,448,,,,,,,,,,,,,,,,,,
2014,72,Otjiu-West,87,4,2,858,1100,,,,,,,,,,,,,,,,,,
2014,71,Otuzemba,101,7.5,3,190,742,,,,,,,,,,,,,,,,,,
2014,28,Ozondundu,90,6.8,2,407,745,,,,,,,,,,,,,,,,,,
2014,9001,Palmwag,548,38.2,11,2556,5828,,,,,,,,,,,,,,,,,,
2014,10,Puros,324,16.2,6,1104,3562,,,,,,,,,,,,,,,,,,
2014,27,Sanitatas,135,7,4,401,1446,,,,,,,,,,,,,,,,,,
2014,26,Sesfontein,309.3,15.4,7,1037,2465,,,,,,,,,,,,,,,,,,
2014,8012,Skeleton Coast Park,118,4.2,3,0,16820,,,,,,,,,,,,,,,,,,
2014,15,Sorris Sorris,204,12.3,4,411,2290,,,,,,,,,,,,,,,,,,
2014,4,Torra,428.5,36.7,7,859,3493,,,,,,,,,,,,,,,,,,
2014,12,Tsiseb,585,30.7,8,1223,7914,,,,,,,,,,,,,,,,,,
2013,65,!Khoro !Goreb,158,11.2,3,0,1283,,,,,,,,,,,,,,,,,,
2013,22,//Huab,410,25.8,8,75,1817,,,,,,,,,,,,,,,,,,
2013,30,≠Gaingu,717.5,33,10,1317,7731,,,,,,,,,,,,,,,,,,
2013,3,≠Khoadi-//Hôas,449,34.5,9,1513,3364,,,,,,,,,,,,,,,,,,
2013,25,Anabeb,225,11.9,5,839,1570,,,,,,,,,,,,,,,,,,
2013,6,Doro !nawas,544.5,38.3,9,228,4135,,,,,,,,,,,,,,,,,,
2013,13,Ehi-Rovipuka,277,15.7,5,562,1980,,,,,,,,,,,,,,,,,,
2013,9003,Etendeka,81.5,6,2,278,508,,,,,,,,,,,,,,,,,,
2013,11,Marienfluss,312.3,16.8,5,862,3036,,,,,,,,,,,,,,,,,,
2013,48,Ohungu,199.8,10,3,169,1196,,,,,,,,,,,,,,,,,,
2013,21,Okangundumba,143,8.7,3,327,1131,,,,,,,,,,,,,,,,,,
2013,53,Okondjombo,188,11,4,264,1644,,,,,,,,,,,,,,,,,,
2013,17,Omatendeka,229,13.8,4,775,1619,,,,,,,,,,,,,,,,,,
2013,70,Ombujokanguindi,66.4,4.3,2,853,1160,,,,,,,,,,,,,,,,,,
2013,20,Orupembe,305,18.6,6,1216,3565,,,,,,,,,,,,,,,,,,
2013,62,Orupupa,179,10.7,3,1272,1234,,,,,,,,,,,,,,,,,,
2013,54,Otjambangu,63,4.5,1,259,348,,,,,,,,,,,,,,,,,,
2013,78,Otjikondavirongo,122.5,9.2,4,615,1067,,,,,,,,,,,,,,,,,,
2013,18,Otjimboyo,94,4.6,2,129,448,,,,,,,,,,,,,,,,,,
2013,71,Otuzemba,100,7,3,758,742,,,,,,,,,,,,,,,,,,
2013,28,Ozondundu,101,6.8,2,407,745,,,,,,,,,,,,,,,,,,
2013,9001,Palmwag,547.5,38.4,11,2556,5828,,,,,,,,,,,,,,,,,,
2013,10,Puros,325,13.8,6,1104,3562,,,,,,,,,,,,,,,,,,
2013,27,Sanitatas,156,9,4,401,1446,,,,,,,,,,,,,,,,,,
2013,26,Sesfontein,315,14.3,7,1037,2465,,,,,,,,,,,,,,,,,,
2013,8012,Skeleton Coast Park,118,4.3,3,0,16820,,,,,,,,,,,,,,,,,,
2013,15,Sorris Sorris,211,10.5,4,411,2290,,,,,,,,,,,,,,,,,,
2013,4,Torra,489.3,39.2,8,859,3493,,,,,,,,,,,,,,,,,,
2013,12,Tsiseb,629.8,27.7,8,1223,7914,,,,,,,,,,,,,,,,,,
2012,50,//Audi,45,9.1,2,0,335,,,,,,,,,,,,,,,,,,
2012,22,//Huab,382,19.2,7,75,1817,,,,,,,,,,,,,,,,,,
2012,30,≠Gaingu,727,35,10,1317,7731,,,,,,,,,,,,,,,,,,
2012,3,≠Khoadi-//Hôas,500,24.2,9,1513,3364,,,,,,,,,,,,,,,,,,
2012,25,Anabeb,223,12.9,5,839,1570,,,,,,,,,,,,,,,,,,
2012,6,Doro !nawas,517,31.3,9,228,4135,,,,,,,,,,,,,,,,,,
2012,13,Ehi-Rovipuka,284,16.5,5,562,1980,,,,,,,,,,,,,,,,,,
2012,9003,Etendeka,87,7,2,278,508,,,,,,,,,,,,,,,,,,
2012,9002,Hobatere,62,5.1,3,13,258,,,,,,,,,,,,,,,,,,
2012,11,Marienfluss,286,14.5,5,862,3036,,,,,,,,,,,,,,,,,,
2012,48,Ohungu,180,14.5,3,169,1196,,,,,,,,,,,,,,,,,,
2012,21,Okangundumba,140,8.2,3,327,1131,,,,,,,,,,,,,,,,,,
2012,53,Okondjombo,162,12.3,4,264,1644,,,,,,,,,,,,,,,,,,
2012,17,Omatendeka,213,11.8,4,775,1619,,,,,,,,,,,,,,,,,,
2012,20,Orupembe,280,15.7,6,1216,3565,,,,,,,,,,,,,,,,,,
2012,62,Orupupa,187,11.9,3,1272,1234,,,,,,,,,,,,,,,,,,
2012,54,Otjambangu,52,3.2,1,259,348,,,,,,,,,,,,,,,,,,
2012,18,Otjimboyo,98,13.6,2,129,448,,,,,,,,,,,,,,,,,,
2012,71,Otuzemba,64,2.3,1,758,742,,,,,,,,,,,,,,,,,,
2012,28,Ozondundu,78,5,2,407,745,,,,,,,,,,,,,,,,,,
2012,9001,Palmwag,551,32.7,11,2556,5828,,,,,,,,,,,,,,,,,,
2012,10,Puros,324,16.7,6,1104,3562,,,,,,,,,,,,,,,,,,
2012,27,Sanitatas,153,8.2,4,401,1446,,,,,,,,,,,,,,,,,,
2012,26,Sesfontein,312,13.9,7,1037,2465,,,,,,,,,,,,,,,,,,
2012,8012,Skeleton Coast Park,118,4.2,3,0,16820,,,,,,,,,,,,,,,,,,
2012,15,Sorris Sorris,207,11.2,4,411,2290,,,,,,,,,,,,,,,,,,
2012,4,Torra,529,34.3,8,859,3493,,,,,,,,,,,,,,,,,,
2012,12,Tsiseb,527.5,26.1,8,1223,7914,,,,,,,,,,,,,,,,,,
2011,50,//Audi,103,5.2,2,0,335,,,,,,,,,,,,,,,,,,
2011,22,//Huab,486.5,32.9,9,75,1817,,,,,,,,,,,,,,,,,,
2011,30,≠Gaingu,442,20.6,6,1774,7731,,,,,,,,,,,,,,,,,,
2011,3,≠Khoadi-//Hôas,482,33.3,9,1513,3364,,,,,,,,,,,,,,,,,,
2011,25,Anabeb,223,13.5,5,839,1570,,,,,,,,,,,,,,,,,,
2011,6,Doro !nawas,536,36.7,9,228,4135,,,,,,,,,,,,,,,,,,
2011,13,Ehi-Rovipuka,275,16.2,5,562,1980,,,,,,,,,,,,,,,,,,
2011,9003,Etendeka,70,10.5,2,150,508,,,,,,,,,,,,,,,,,,
2011,9002,Hobatere,73,5.8,3,13,258,,,,,,,,,,,,,,,,,,
2011,11,Marienfluss,282,16.4,5,862,3036,,,,,,,,,,,,,,,,,,
2011,48,Ohungu,199,8,3,169,1196,,,,,,,,,,,,,,,,,,
2011,21,Okangundumba,139,15.7,3,327,1131,,,,,,,,,,,,,,,,,,
2011,53,Okondjombo,196,14.2,4,264,1644,,,,,,,,,,,,,,,,,,
2011,17,Omatendeka,212,13.3,4,775,1619,,,,,,,,,,,,,,,,,,
2011,20,Orupembe,363,21.1,7,1216,3565,,,,,,,,,,,,,,,,,,
2011,62,Orupupa,183,12.4,3,1272,1234,,,,,,,,,,,,,,,,,,
2011,54,Otjambangu,53,4.3,1,259,348,,,,,,,,,,,,,,,,,,
2011,18,Otjimboyo,94,5.6,2,129,448,,,,,,,,,,,,,,,,,,
2011,71,Otuzemba,72,3.4,1,758,742,,,,,,,,,,,,,,,,,,
2011,28,Ozondundu,78,4.7,2,407,745,,,,,,,,,,,,,,,,,,
2011,9001,Palmwag,515,36.5,10,2556,5828,,,,,,,,,,,,,,,,,,
2011,10,Puros,330,16.5,6,1104,3562,,,,,,,,,,,,,,,,,,
2011,27,Sanitatas,169,8.5,4,401,1446,,,,,,,,,,,,,,,,,,
2011,26,Sesfontein,239,12.2,6,1037,2465,,,,,,,,,,,,,,,,,,
2011,8012,Skeleton Coast Park,118,5.2,3,0,16820,,,,,,,,,,,,,,,,,,
2011,15,Sorris Sorris,212,13.6,4,411,2290,,,,,,,,,,,,,,,,,,
2011,4,Torra,517,36.2,8,859,3493,,,,,,,,,,,,,,,,,,
2011,12,Tsiseb,570,26.4,8,1223,7914,,,,,,,,,,,,,,,,,,
2010,22,//Huab,432,23,8,75,1817,,,,,,,,,,,,,,,,,,
2010,30,≠Gaingu,459,21.2,6,1774,7731,,,,,,,,,,,,,,,,,,
2010,3,≠Khoadi-//Hôas,494,38.1,9,1513,3364,,,,,,,,,,,,,,,,,,
2010,25,Anabeb,218,15.1,5,839,1570,,,,,,,,,,,,,,,,,,
2010,6,Doro !nawas,547,27.5,9,228,4135,,,,,,,,,,,,,,,,,,
2010,13,Ehi-Rovipuka,282,17.8,5,562,1980,,,,,,,,,,,,,,,,,,
2010,9003,Etendeka,106,14.2,3,150,508,,,,,,,,,,,,,,,,,,
2010,9002,Hobatere,67,7.4,3,13,258,,,,,,,,,,,,,,,,,,
2010,11,Marienfluss,283,13.6,5,862,3036,,,,,,,,,,,,,,,,,,
2010,48,Ohungu,196,13.2,3,169,1196,,,,,,,,,,,,,,,,,,
2010,21,Okangundumba,184,9.2,3,327,1131,,,,,,,,,,,,,,,,,,
2010,53,Okondjombo,196,12,4,264,1644,,,,,,,,,,,,,,,,,,
2010,17,Omatendeka,223,13.3,4,775,1619,,,,,,,,,,,,,,,,,,
2010,20,Orupembe,298,17.3,6,1216,3565,,,,,,,,,,,,,,,,,,
2010,62,Orupupa,199,13.4,3,1272,1234,,,,,,,,,,,,,,,,,,
2010,54,Otjambangu,52,4.3,1,259,348,,,,,,,,,,,,,,,,,,
2010,18,Otjimboyo,96,7,2,129,448,,,,,,,,,,,,,,,,,,
2010,71,Otuzemba,67,3.6,1,758,742,,,,,,,,,,,,,,,,,,
2010,28,Ozondundu,95,6.3,2,407,745,,,,,,,,,,,,,,,,,,
2010,9001,Palmwag,577,35.5,11,2556,5828,,,,,,,,,,,,,,,,,,
2010,10,Puros,324,14.2,6,1104,3562,,,,,,,,,,,,,,,,,,
2010,27,Sanitatas,161,8,4,401,1446,,,,,,,,,,,,,,,,,,
2010,26,Sesfontein,313,14.2,7,1037,2465,,,,,,,,,,,,,,,,,,
2010,8012,Skeleton Coast Park,219,14.4,4,0,16820,,,,,,,,,,,,,,,,,,
2010,15,Sorris Sorris,222,9.7,4,411,2290,,,,,,,,,,,,,,,,,,
2010,4,Torra,530,38.4,8,859,3493,,,,,,,,,,,,,,,,,,
2010,12,Tsiseb,626,27.5,8,1223,7914,,,,,,,,,,,,,,,,,,
2009,22,//Huab,420,30.2,8,75,1817,,,,,,,,,,,,,,,,,,
2009,30,≠Gaingu,460,25.2,6,1774,7731,,,,,,,,,,,,,,,,,,
2009,3,≠Khoadi-//Hôas,491,32.6,9,1513,3364,,,,,,,,,,,,,,,,,,
2009,25,Anabeb,228,10.7,5,839,1570,,,,,,,,,,,,,,,,,,
2009,6,Doro !nawas,564,29.4,9,228,4135,,,,,,,,,,,,,,,,,,
2009,13,Ehi-Rovipuka,288,17,5,562,1980,,,,,,,,,,,,,,,,,,
2009,9003,Etendeka,95.2,11.8,3,150,508,,,,,,,,,,,,,,,,,,
2009,9002,Hobatere,60,2.5,3,13,258,,,,,,,,,,,,,,,,,,
2009,11,Marienfluss,283,12.8,5,862,3036,,,,,,,,,,,,,,,,,,
2009,48,Ohungu,205,13.8,3,169,1196,,,,,,,,,,,,,,,,,,
2009,21,Okangundumba,138,7.7,3,327,1131,,,,,,,,,,,,,,,,,,
2009,53,Okondjombo,196,11.4,4,264,1644,,,,,,,,,,,,,,,,,,
2009,17,Omatendeka,214,12.7,4,775,1619,,,,,,,,,,,,,,,,,,
2009,20,Orupembe,298,15.1,6,1216,3565,,,,,,,,,,,,,,,,,,
2009,62,Orupupa,182,7.5,3,1272,1234,,,,,,,,,,,,,,,,,,
2009,54,Otjambangu,54,3.6,1,259,348,,,,,,,,,,,,,,,,,,
2009,18,Otjimboyo,94,7.6,2,129,448,,,,,,,,,,,,,,,,,,
2009,71,Otuzemba,67,3.2,1,758,742,,,,,,,,,,,,,,,,,,
2009,28,Ozondundu,74,6.4,2,407,745,,,,,,,,,,,,,,,,,,
2009,9001,Palmwag,569.7,30.6,11,2556,5828,,,,,,,,,,,,,,,,,,
2009,10,Puros,324,14.1,6,1104,3562,,,,,,,,,,,,,,,,,,
2009,27,Sanitatas,161,8,4,401,1446,,,,,,,,,,,,,,,,,,
2009,26,Sesfontein,304,15.3,7,1037,2465,,,,,,,,,,,,,,,,,,
2009,15,Sorris Sorris,204,11.1,4,411,2290,,,,,,,,,,,,,,,,,,
2009,4,Torra,588,33.4,8,859,3493,,,,,,,,,,,,,,,,,,
2009,12,Tsiseb,659,30.8,8,1223,7914,,,,,,,,,,,,,,,,,,
2008,22,//Huab,461,22.9,8,75,1817,,,,,,,,,,,,,,,,,,
2008,30,≠Gaingu,441,23,6,1774,7731,,,,,,,,,,,,,,,,,,
2008,3,≠Khoadi-//Hôas,497,34.4,9,1513,3364,,,,,,,,,,,,,,,,,,
2008,25,Anabeb,219,13.9,5,839,1570,,,,,,,,,,,,,,,,,,
2008,6,Doro !nawas,588,31.6,9,228,4135,,,,,,,,,,,,,,,,,,
2008,13,Ehi-Rovipuka,277,19.6,5,562,1980,,,,,,,,,,,,,,,,,,
2008,9003,Etendeka,101,8.8,3,150,508,,,,,,,,,,,,,,,,,,
2008,9002,Hobatere,60,10.2,3,13,258,,,,,,,,,,,,,,,,,,
2008,11,Marienfluss,308,14.6,6,862,3036,,,,,,,,,,,,,,,,,,
2008,48,Ohungu,185.5,12.2,3,169,1196,,,,,,,,,,,,,,,,,,
2008,21,Okangundumba,143,7.4,3,327,1131,,,,,,,,,,,,,,,,,,
2008,53,Okondjombo,41.3,1.6,2,140,1644,,,,,,,,,,,,,,,,,,
2008,17,Omatendeka,213,11.1,4,775,1619,,,,,,,,,,,,,,,,,,
2008,20,Orupembe,278,16,6,1216,3565,,,,,,,,,,,,,,,,,,
2008,62,Orupupa,183,11.8,3,1272,1234,,,,,,,,,,,,,,,,,,
2008,54,Otjambangu,56,4.4,1,259,348,,,,,,,,,,,,,,,,,,
2008,18,Otjimboyo,137,8.5,3,129,448,,,,,,,,,,,,,,,,,,
2008,71,Otuzemba,65,3.2,1,758,742,,,,,,,,,,,,,,,,,,
2008,28,Ozondundu,82,6.5,2,407,745,,,,,,,,,,,,,,,,,,
2008,9001,Palmwag,623,38.4,11,2556,5828,,,,,,,,,,,,,,,,,,
2008,10,Puros,314,16.9,6,1104,3562,,,,,,,,,,,,,,,,,,
2008,27,Sanitatas,156,8,4,401,1446,,,,,,,,,,,,,,,,,,
2008,26,Sesfontein,315,16.2,7,1037,2465,,,,,,,,,,,,,,,,,,
2008,15,Sorris Sorris,221,10.8,4,411,2290,,,,,,,,,,,,,,,,,,
2008,4,Torra,523,36.3,8,859,3493,,,,,,,,,,,,,,,,,,
2008,12,Tsiseb,637.1,28.7,8,1223,7914,,,,,,,,,,,,,,,,,,
2007,22,//Huab,461,27.1,8,75,1817,,,,,,,,,,,,,,,,,,
2007,30,≠Gaingu,441,20,6,1774,7731,,,,,,,,,,,,,,,,,,
2007,3,≠Khoadi-//Hôas,497,32.9,9,1513,3364,,,,,,,,,,,,,,,,,,
2007,25,Anabeb,219,17.9,5,839,1570,,,,,,,,,,,,,,,,,,
2007,6,Doro !nawas,588,31.6,9,228,4135,,,,,,,,,,,,,,,,,,
2007,13,Ehi-Rovipuka,277,17.4,5,562,1980,,,,,,,,,,,,,,,,,,
2007,9003,Etendeka,101,8.9,3,150,508,,,,,,,,,,,,,,,,,,
2007,9002,Hobatere,60,5.1,3,13,258,,,,,,,,,,,,,,,,,,
2007,11,Marienfluss,259,19.9,5,862,3036,,,,,,,,,,,,,,,,,,
2007,21,Okangundumba,127,7.6,2,336,1131,,,,,,,,,,,,,,,,,,
2007,53,Okondjombo,41.3,1.5,2,140,1644,,,,,,,,,,,,,,,,,,
2007,17,Omatendeka,213,14.9,4,775,1619,,,,,,,,,,,,,,,,,,
2007,20,Orupembe,278,16.4,6,1216,3565,,,,,,,,,,,,,,,,,,
2007,62,Orupupa,183,11,3,1272,1234,,,,,,,,,,,,,,,,,,
2007,54,Otjambangu,56,4.1,1,259,348,,,,,,,,,,,,,,,,,,
2007,18,Otjimboyo,93,5.4,2,279,448,,,,,,,,,,,,,,,,,,
2007,71,Otuzemba,65,4.2,1,758,742,,,,,,,,,,,,,,,,,,
2007,28,Ozondundu,56,4.3,1,428,745,,,,,,,,,,,,,,,,,,
2007,9001,Palmwag,538,35.8,10,2556,5828,,,,,,,,,,,,,,,,,,
2007,10,Puros,314,20.1,6,1104,3562,,,,,,,,,,,,,,,,,,
2007,27,Sanitatas,156,8.7,4,401,1446,,,,,,,,,,,,,,,,,,
2007,26,Sesfontein,315,17.8,7,1037,2465,,,,,,,,,,,,,,,,,,
2007,15,Sorris Sorris,221,10.9,4,411,2290,,,,,,,,,,,,,,,,,,
2007,4,Torra,523,34.7,8,859,3493,,,,,,,,,,,,,,,,,,
2007,12,Tsiseb,637.1,29.5,8,1223,7914,,,,,,,,,,,,,,,,,,
2006,22,//Huab,417,30.9,8,75,1817,,,,,,,,,,,,,,,,,,
2006,30,≠Gaingu,417,22.2,5,0,7731,,,,,,,,,,,,,,,,,,
2006,3,≠Khoadi-//Hôas,500,37.8,9,1513,3364,,,,,,,,,,,,,,,,,,
2006,25,Anabeb,216,13.7,5,839,1570,,,,,,,,,,,,,,,,,,
2006,6,Doro !nawas,547.5,40.7,9,228,4135,,,,,,,,,,,,,,,,,,
2006,13,Ehi-Rovipuka,266,18.5,5,562,1980,,,,,,,,,,,,,,,,,,
2006,9003,Etendeka,79.4,11,2,150,508,,,,,,,,,,,,,,,,,,
2006,9002,Hobatere,69.6,7.9,3,13,258,,,,,,,,,,,,,,,,,,
2006,11,Marienfluss,276,16,5,862,3036,,,,,,,,,,,,,,,,,,
2006,21,Okangundumba,133,7.7,2,336,1131,,,,,,,,,,,,,,,,,,
2006,53,Okondjombo,38,2.3,2,140,1644,,,,,,,,,,,,,,,,,,
2006,17,Omatendeka,238,14.5,4,775,1619,,,,,,,,,,,,,,,,,,
2006,20,Orupembe,265.1,14.8,5,0,3565,,,,,,,,,,,,,,,,,,
2006,62,Orupupa,267,12.3,3,1272,1234,,,,,,,,,,,,,,,,,,
2006,54,Otjambangu,55,3.5,1,259,348,,,,,,,,,,,,,,,,,,
2006,18,Otjimboyo,94,3.5,2,279,448,,,,,,,,,,,,,,,,,,
2006,71,Otuzemba,67,3,1,758,742,,,,,,,,,,,,,,,,,,
2006,28,Ozondundu,74,5,1,428,745,,,,,,,,,,,,,,,,,,
2006,9001,Palmwag,446,33.1,10,2556,5828,,,,,,,,,,,,,,,,,,
2006,10,Puros,329.2,20.5,6,1104,3562,,,,,,,,,,,,,,,,,,
2006,27,Sanitatas,161,9.4,4,401,1446,,,,,,,,,,,,,,,,,,
2006,26,Sesfontein,315,16.9,7,1037,2465,,,,,,,,,,,,,,,,,,
2006,15,Sorris Sorris,225,11.9,4,411,2290,,,,,,,,,,,,,,,,,,
2006,4,Torra,550.8,37.7,8,859,3493,,,,,,,,,,,,,,,,,,
2006,12,Tsiseb,620,26.5,8,1223,7914,,,,,,,,,,,,,,,,,,
2005,22,//Huab,427,25.3,8,75,1817,,,,,,,,,,,,,,,,,,
2005,30,≠Gaingu,420,24.2,5,0,7731,,,,,,,,,,,,,,,,,,
2005,3,≠Khoadi-//Hôas,500,40.5,9,1513,3364,,,,,,,,,,,,,,,,,,
2005,25,Anabeb,211,18,5,839,1570,,,,,,,,,,,,,,,,,,
2005,6,Doro !nawas,568,26.6,9,228,4135,,,,,,,,,,,,,,,,,,
2005,13,Ehi-Rovipuka,275,16.6,5,562,1980,,,,,,,,,,,,,,,,,,
2005,9003,Etendeka,114,10.5,3,150,508,,,,,,,,,,,,,,,,,,
2005,9002,Hobatere,67,6.9,3,13,258,,,,,,,,,,,,,,,,,,
2005,11,Marienfluss,251,10.9,5,862,3036,,,,,,,,,,,,,,,,,,
2005,21,Okangundumba,129,7.5,2,336,1131,,,,,,,,,,,,,,,,,,
2005,53,Okondjombo,64,2,3,140,1644,,,,,,,,,,,,,,,,,,
2005,17,Omatendeka,208,12.5,4,775,1619,,,,,,,,,,,,,,,,,,
2005,20,Orupembe,261,10.5,5,0,3565,,,,,,,,,,,,,,,,,,
2005,62,Orupupa,173,10.4,3,1272,1234,,,,,,,,,,,,,,,,,,
2005,54,Otjambangu,42,3.2,1,259,348,,,,,,,,,,,,,,,,,,
2005,18,Otjimboyo,96,5.4,2,279,448,,,,,,,,,,,,,,,,,,
2005,71,Otuzemba,65,5.4,1,758,742,,,,,,,,,,,,,,,,,,
2005,28,Ozondundu,54,5.1,1,428,745,,,,,,,,,,,,,,,,,,
2005,9001,Palmwag,573,35.5,11,2556,5828,,,,,,,,,,,,,,,,,,
2005,10,Puros,307,18.9,6,1104,3562,,,,,,,,,,,,,,,,,,
2005,27,Sanitatas,158,7,4,401,1446,,,,,,,,,,,,,,,,,,
2005,26,Sesfontein,319,17.6,7,1037,2465,,,,,,,,,,,,,,,,,,
2005,8012,Skeleton Coast Park,388,21.8,6,0,16820,,,,,,,,,,,,,,,,,,
2005,15,Sorris Sorris,218,12.4,4,411,2290,,,,,,,,,,,,,,,,,,
2005,4,Torra,562,36,8,859,3493,,,,,,,,,,,,,,,,,,
2005,12,Tsiseb,559,29.3,8,1223,7914,,,,,,,,,,,,,,,,,,
2004,22,//Huab,458,26.8,8,75,1817,,,,,,,,,,,,,,,,,,
2004,3,≠Khoadi-//Hôas,514.1,35.5,9,1513,3364,,,,,,,,,,,,,,,,,,
2004,25,Anabeb,221,317.3,5,839,1570,,,,,,,,,,,,,,,,,,
2004,6,Doro !nawas,488,25,9,228,4135,,,,,,,,,,,,,,,,,,
2004,13,Ehi-Rovipuka,284,16,5,562,1980,,,,,,,,,,,,,,,,,,
2004,9003,Etendeka,117,15.2,3,150,508,,,,,,,,,,,,,,,,,,
2004,9002,Hobatere,67,4.8,3,13,258,,,,,,,,,,,,,,,,,,
2004,11,Marienfluss,285.7,13,5,862,3036,,,,,,,,,,,,,,,,,,
2004,21,Okangundumba,137,7.5,2,336,1131,,,,,,,,,,,,,,,,,,
2004,53,Okondjombo,26,1.2,1,140,1644,,,,,,,,,,,,,,,,,,
2004,17,Omatendeka,240,12.8,4,775,1619,,,,,,,,,,,,,,,,,,
2004,20,Orupembe,275,14.8,5,1307,3565,,,,,,,,,,,,,,,,,,
2004,62,Orupupa,203,10.8,3,1272,1234,,,,,,,,,,,,,,,,,,
2004,54,Otjambangu,46,4,1,259,348,,,,,,,,,,,,,,,,,,
2004,18,Otjimboyo,62,3,1,279,448,,,,,,,,,,,,,,,,,,
2004,71,Otuzemba,70,5,1,758,742,,,,,,,,,,,,,,,,,,
2004,28,Ozondundu,45,2.8,1,428,745,,,,,,,,,,,,,,,,,,
2004,9001,Palmwag,583,37.9,11,2556,5828,,,,,,,,,,,,,,,,,,
2004,10,Puros,331,16.7,6,1104,3562,,,,,,,,,,,,,,,,,,
2004,27,Sanitatas,162,8,4,401,1446,,,,,,,,,,,,,,,,,,
2004,26,Sesfontein,321,20.5,7,1037,2465,,,,,,,,,,,,,,,,,,
2004,8012,Skeleton Coast Park,263,15.3,4,0,16820,,,,,,,,,,,,,,,,,,
2004,15,Sorris Sorris,217,11.8,4,411,2290,,,,,,,,,,,,,,,,,,
2004,4,Torra,518,38,8,859,3493,,,,,,,,,,,,,,,,,,
2004,12,Tsiseb,630,28.5,8,1223,7914,,,,,,,,,,,,,,,,,,
2003,22,//Huab,415,19.9,8,75,1817,,,,,,,,,,,,,,,,,,
2003,3,≠Khoadi-//Hôas,489.8,37.1,9,1513,3364,,,,,,,,,,,,,,,,,,
2003,25,Anabeb,216,14.2,5,839,1570,,,,,,,,,,,,,,,,,,
2003,6,Doro !nawas,517,26.2,9,240,4135,,,,,,,,,,,,,,,,,,
2003,13,Ehi-Rovipuka,277,14.6,5,562,1980,,,,,,,,,,,,,,,,,,
2003,9003,Etendeka,109,15.8,3,150,508,,,,,,,,,,,,,,,,,,
2003,9002,Hobatere,68.3,4.7,3,13,258,,,,,,,,,,,,,,,,,,
2003,11,Marienfluss,286.7,2.3,5,862,3036,,,,,,,,,,,,,,,,,,
2003,21,Okangundumba,124,7.6,2,336,1131,,,,,,,,,,,,,,,,,,
2003,53,Okondjombo,72,2.1,3,140,1644,,,,,,,,,,,,,,,,,,
2003,17,Omatendeka,213,13.2,4,774,1619,,,,,,,,,,,,,,,,,,
2003,20,Orupembe,273,17,5,1307,3565,,,,,,,,,,,,,,,,,,
2003,62,Orupupa,49,7,2,0,1234,,,,,,,,,,,,,,,,,,
2003,18,Otjimboyo,67,4,1,0,448,,,,,,,,,,,,,,,,,,
2003,28,Ozondundu,50,3,1,428,745,,,,,,,,,,,,,,,,,,
2003,9001,Palmwag,557,41.7,11,2556,5828,,,,,,,,,,,,,,,,,,
2003,10,Puros,318,11.9,6,1104,3562,,,,,,,,,,,,,,,,,,
2003,27,Sanitatas,161,7.7,4,401,1446,,,,,,,,,,,,,,,,,,
2003,26,Sesfontein,310,17.4,7,1044,2465,,,,,,,,,,,,,,,,,,
2003,8012,Skeleton Coast Park,202,13.6,5,0,16820,,,,,,,,,,,,,,,,,,
2003,15,Sorris Sorris,225.8,12.8,4,411,2290,,,,,,,,,,,,,,,,,,
2003,4,Torra,499,34.4,8,859,3493,,,,,,,,,,,,,,,,,,
2003,12,Tsiseb,629,28.9,8,1223,7914,,,,,,,,,,,,,,,,,,
2002,22,//Huab,317,20.1,6,140,1817,,,,,,,,,,,,,,,,,,
2002,3,≠Khoadi-//Hôas,501.1,31.1,9,568,3364,,,,,,,,,,,,,,,,,,
2002,25,Anabeb,190,9.6,4,839,1570,,,,,,,,,,,,,,,,,,
2002,6,Doro !nawas,536.5,29.3,9,204,4135,,,,,,,,,,,,,,,,,,
2002,13,Ehi-Rovipuka,274.7,14.2,5,568,1980,,,,,,,,,,,,,,,,,,
2002,9003,Etendeka,112.7,20.4,3,150,508,,,,,,,,,,,,,,,,,,
2002,9002,Hobatere,68.3,6.4,3,10,258,,,,,,,,,,,,,,,,,,
2002,11,Marienfluss,301.7,13.8,6,760,3036,,,,,,,,,,,,,,,,,,
2002,21,Okangundumba,123.5,7.7,2,0,1131,,,,,,,,,,,,,,,,,,
2002,53,Okondjombo,55.6,35.4,2,140,1644,,,,,,,,,,,,,,,,,,
2002,17,Omatendeka,230.8,14,4,920,1619,,,,,,,,,,,,,,,,,,
2002,20,Orupembe,267.4,13.3,5,1216,3565,,,,,,,,,,,,,,,,,,
2002,62,Orupupa,114,7.7,2,0,1234,,,,,,,,,,,,,,,,,,
2002,28,Ozondundu,52.4,2.4,1,0,745,,,,,,,,,,,,,,,,,,
2002,9001,Palmwag,602.1,53.9,11,2248,5828,,,,,,,,,,,,,,,,,,
2002,10,Puros,325.5,20.9,6,840,3562,,,,,,,,,,,,,,,,,,
2002,27,Sanitatas,155.8,8,4,368,1446,,,,,,,,,,,,,,,,,,
2002,26,Sesfontein,254,21,6,1044,2465,,,,,,,,,,,,,,,,,,
2002,15,Sorris Sorris,235.8,11.1,4,0,2290,,,,,,,,,,,,,,,,,,
2002,4,Torra,502.4,31.5,8,684,3493,,,,,,,,,,,,,,,,,,
2002,12,Tsiseb,694,28.1,8,852,7914,,,,,,,,,,,,,,,,,,
2001,22,//Huab,417.4,22.5,8,140,1817,,,,,,,,,,,,,,,,,,
2001,3,≠Khoadi-//Hôas,449.8,39.7,9,568,3364,,,,,,,,,,,,,,,,,,
2001,25,Anabeb,190,,4,839,1570,,,,,,,,,,,,,,,,,,
2001,6,Doro !nawas,536.5,27.8,9,204,4135,,,,,,,,,,,,,,,,,,
2001,13,Ehi-Rovipuka,301,20,5,568,1980,,,,,,,,,,,,,,,,,,
2001,9003,Etendeka,92.6,16.4,3,150,508,,,,,,,,,,,,,,,,,,
2001,9002,Hobatere,73,9.5,3,10,258,,,,,,,,,,,,,,,,,,
2001,11,Marienfluss,268,14,5,760,3036,,,,,,,,,,,,,,,,,,
2001,21,Okangundumba,,6.4,1,0,1131,,,,,,,,,,,,,,,,,,
2001,53,Okondjombo,75.2,4.2,3,140,1644,,,,,,,,,,,,,,,,,,
2001,17,Omatendeka,226,15.4,4,920,1619,,,,,,,,,,,,,,,,,,
2001,20,Orupembe,267,18,5,1216,3565,,,,,,,,,,,,,,,,,,
2001,62,Orupupa,139.4,9.3,2,0,1234,,,,,,,,,,,,,,,,,,
2001,28,Ozondundu,46,3.8,1,0,745,,,,,,,,,,,,,,,,,,
2001,9001,Palmwag,576.9,49.3,11,2248,5828,,,,,,,,,,,,,,,,,,
2001,10,Puros,339,22.2,6,840,3562,,,,,,,,,,,,,,,,,,
2001,27,Sanitatas,156,9.7,4,368,1446,,,,,,,,,,,,,,,,,,
2001,26,Sesfontein,272,6.5,7,1044,2465,,,,,,,,,,,,,,,,,,
2001,8012,Skeleton Coast Park,402,25.9,6,,16820,,,,,,,,,,,,,,,,,,
2001,15,Sorris Sorris,228,12.9,4,300,2290,,,,,,,,,,,,,,,,,,
2001,4,Torra,502.4,39.5,8,684,3493,,,,,,,,,,,,,,,,,,
2001,12,Tsiseb,598.9,31.9,8,852,7914,,,,,,,,,,,,,,,,,,