Year,Cons,Gemsbok,Giraffe,Hartmann's Zebra,Kudu,Ostrich,Springbok,Steenbok,,,,,,,,,,,,,,,,,
2001,//Huab,138,,63,55,27,163,,,,,,,,,,,,,,,,,,
2001,≠Khoadi-//Hôas,921,63,322,1023,439,2167,521,,,,,,,,,,,,,,,,,
2001,Anabeb,417,,613,,303,9810,,,,,,,,,,,,,,,,,,
2001,Doro !nawas,738,,361,125,145,4910,859,,,,,,,,,,,,,,,,,
2001,Ehi-Rovipuka,179,113,122,160,54,1182,315,,,,,,,,,,,,,,,,,
2001,Etendeka,881,109,1212,315,7,11552,,,,,,,,,,,,,,,,,,
2001,Hobatere,536,184,836,98,17,993,114,,,,,,,,,,,,,,,,,
2001,Marienfluss,1016,,,,349,6741,143,,,,,,,,,,,,,,,,,
2001,Okangundumba,,,,,,,,,,,,,,,,,,,,,,,,
2001,Okondjombo,38,,,,132,6251,,,,,,,,,,,,,,,,,,
2001,Omatendeka,359,,,,148,8136,104,,,,,,,,,,,,,,,,,
2001,Orupembe,2238,,103,,390,9811,884,,,,,,,,,,,,,,,,,
2001,Orupupa,,,,,131,319,,,,,,,,,,,,,,,,,,
2001,Ozondundu,,,,,346,255,543,,,,,,,,,,,,,,,,,
2001,Palmwag,2922,267,2611,32,835,26364,104,,,,,,,,,,,,,,,,,
2001,Puros,1952,201,52,,751,10959,,,,,,,,,,,,,,,,,,
2001,Sanitatas,355,,233,,182,2766,,,,,,,,,,,,,,,,,,
2001,Sesfontein,1994,79,677,,180,2467,,,,,,,,,,,,,,,,,,
2001,Sorris Sorris,116,,,60,387,5554,1169,,,,,,,,,,,,,,,,,
2001,Torra,2091,101,522,342,771,12596,562,,,,,,,,,,,,,,,,,
2001,Tsiseb,381,,123,,445,22668,987,,,,,,,,,,,,,,,,,
2002,//Huab,42,,,173,,98,511,,,,,,,,,,,,,,,,,
2002,≠Khoadi-//Hôas,1862,51,393,1186,305,1518,734,,,,,,,,,,,,,,,,,
2002,Anabeb,274,,304,28,186,5355,34,,,,,,,,,,,,,,,,,
2002,Doro !nawas,1866,8,145,,658,8611,322,,,,,,,,,,,,,,,,,
2002,Ehi-Rovipuka,893,119,115,187,94,616,541,,,,,,,,,,,,,,,,,
2002,Etendeka,2282,131,1649,289,,6412,28,,,,,,,,,,,,,,,,,
2002,Hobatere,1556,171,663,47,10,553,64,,,,,,,,,,,,,,,,,
2002,Marienfluss,536,,317,,413,9057,,,,,,,,,,,,,,,,,,
2002,Okangundumba,,,,,96,5445,563,,,,,,,,,,,,,,,,,
2002,Okondjombo,,,,,,2743,,,,,,,,,,,,,,,,,,
2002,Omatendeka,413,4,30,,87,7670,80,,,,,,,,,,,,,,,,,
2002,Orupembe,1908,9,120,,904,24716,,,,,,,,,,,,,,,,,,
2002,Orupupa,,,,,,1622,285,,,,,,,,,,,,,,,,,
2002,Ozondundu,,,,155,,,374,,,,,,,,,,,,,,,,,
2002,Palmwag,5410,179,2368,216,434,11365,157,,,,,,,,,,,,,,,,,
2002,Puros,4176,343,207,,1263,27459,,,,,,,,,,,,,,,,,,
2002,Sanitatas,765,21,60,,307,4752,182,,,,,,,,,,,,,,,,,
2002,Sesfontein,3611,112,187,,306,3043,,,,,,,,,,,,,,,,,,
2002,Sorris Sorris,,,,353,26,7552,767,,,,,,,,,,,,,,,,,
2002,Torra,3984,84,814,356,444,18102,246,,,,,,,,,,,,,,,,,
2002,Tsiseb,362,,26,,437,31069,179,,,,,,,,,,,,,,,,,
2003,//Huab,8,,62,70,13,207,1340,,,,,,,,,,,,,,,,,
2003,≠Khoadi-//Hôas,1380,99,429,814,154,3177,789,,,,,,,,,,,,,,,,,
2003,Anabeb,142,,153,,133,5337,,,,,,,,,,,,,,,,,,
2003,Doro !nawas,1040,8,368,107,1238,29823,370,,,,,,,,,,,,,,,,,
2003,Ehi-Rovipuka,372,169,188,49,124,1405,692,,,,,,,,,,,,,,,,,
2003,Etendeka,1295,155,726,8,139,8026,81,,,,,,,,,,,,,,,,,
2003,Hobatere,1636,54,233,34,22,1762,45,,,,,,,,,,,,,,,,,
2003,Marienfluss,1185,,102,,309,6680,94,,,,,,,,,,,,,,,,,
2003,Okangundumba,,,,,126,4685,237,,,,,,,,,,,,,,,,,
2003,Okondjombo,2770,188,1913,,1071,10136,,,,,,,,,,,,,,,,,,
2003,Omatendeka,137,16,,10,42,6268,244,,,,,,,,,,,,,,,,,
2003,Orupembe,3411,,,20,861,15313,508,,,,,,,,,,,,,,,,,
2003,Orupupa,366,,,179,1974,5165,3400,,,,,,,,,,,,,,,,,
2003,Otjimboyo,,,,64,,97,329,,,,,,,,,,,,,,,,,
2003,Ozondundu,,,,135,,220,78,,,,,,,,,,,,,,,,,
2003,Palmwag,2508,130,3213,28,479,35409,505,,,,,,,,,,,,,,,,,
2003,Puros,2682,124,255,,1119,4019,285,,,,,,,,,,,,,,,,,
2003,Sanitatas,5414,,341,,235,10030,80,,,,,,,,,,,,,,,,,
2003,Sesfontein,4242,60,443,,339,16417,,,,,,,,,,,,,,,,,,
2003,Sorris Sorris,,,,20,339,21650,409,,,,,,,,,,,,,,,,,
2003,Torra,2752,16,1579,1324,717,51307,778,,,,,,,,,,,,,,,,,
2003,Tsiseb,1218,,520,26,321,42306,523,,,,,,,,,,,,,,,,,
2004,//Huab,87,,,145,71,425,238,,,,,,,,,,,,,,,,,
2004,≠Khoadi-//Hôas,476,91,184,748,206,4612,990,,,,,,,,,,,,,,,,,
2004,Anabeb,254,,896,30,317,5043,42,,,,,,,,,,,,,,,,,
2004,Doro !nawas,1527,41,663,87,346,4780,300,,,,,,,,,,,,,,,,,
2004,Ehi-Rovipuka,448,270,136,100,193,4405,624,,,,,,,,,,,,,,,,,
2004,Etendeka,888,108,1725,139,19,12668,115,,,,,,,,,,,,,,,,,
2004,Hobatere,644,231,484,73,,1164,137,,,,,,,,,,,,,,,,,
2004,Marienfluss,720,,49,,752,3726,96,,,,,,,,,,,,,,,,,
2004,Okangundumba,,,204,21,269,4244,363,,,,,,,,,,,,,,,,,
2004,Okondjombo,1320,,,,714,2510,3612,,,,,,,,,,,,,,,,,
2004,Omatendeka,379,11,398,,66,4672,264,,,,,,,,,,,,,,,,,
2004,Orupembe,2382,17,,75,203,6904,616,,,,,,,,,,,,,,,,,
2004,Orupupa,0,,,,-10,-91,-84,,,,,,,,,,,,,,,,,
2004,Otjambangu,67,,,42,30,208,145,,,,,,,,,,,,,,,,,
2004,Otjimboyo,,,,,,772,375,,,,,,,,,,,,,,,,,
2004,Otuzemba,,,,,0,,-71,,,,,,,,,,,,,,,,,
2004,Ozondundu,,,,140,,117,176,,,,,,,,,,,,,,,,,
2004,Palmwag,5287,152,2476,183,433,14342,351,,,,,,,,,,,,,,,,,
2004,Puros,2626,156,202,,1375,2041,,,,,,,,,,,,,,,,,,
2004,Sanitatas,1335,13,442,,100,2226,806,,,,,,,,,,,,,,,,,
2004,Sesfontein,4082,130,163,,220,2987,112,,,,,,,,,,,,,,,,,
2004,Sorris Sorris,15,18,,,641,3292,1190,,,,,,,,,,,,,,,,,
2004,Torra,2171,67,1458,524,863,10106,953,,,,,,,,,,,,,,,,,
2004,Tsiseb,1074,,525,327,1655,24573,1327,,,,,,,,,,,,,,,,,
2005,//Huab,220,,40,502,71,1298,205,,,,,,,,,,,,,,,,,
2005,≠Gaingu,,,,,,34557,3686,,,,,,,,,,,,,,,,,
2005,≠Khoadi-//Hôas,1011,67,209,804,81,1003,510,,,,,,,,,,,,,,,,,
2005,Anabeb,1427,35,1634,180,603,16839,,,,,,,,,,,,,,,,,,
2005,Doro !nawas,1997,49,347,252,837,11036,603,,,,,,,,,,,,,,,,,
2005,Ehi-Rovipuka,538,31,50,110,60,3724,1226,,,,,,,,,,,,,,,,,
2005,Etendeka,1027,198,562,314,5,3062,40,,,,,,,,,,,,,,,,,
2005,Hobatere,1005,114,395,106,6,1601,138,,,,,,,,,,,,,,,,,
2005,Marienfluss,4448,,188,,439,4066,,,,,,,,,,,,,,,,,,
2005,Okangundumba,,,,107,72,2907,386,,,,,,,,,,,,,,,,,
2005,Okondjombo,123,,170,,341,6098,589,,,,,,,,,,,,,,,,,
2005,Omatendeka,262,,69,,224,10521,51,,,,,,,,,,,,,,,,,
2005,Orupembe,1638,110,,53,535,6627,171,,,,,,,,,,,,,,,,,
2005,Orupupa,,,,-2,-10,-177,-49,,,,,,,,,,,,,,,,,
2005,Otjambangu,,,,13,47,321,54,,,,,,,,,,,,,,,,,
2005,Otjimboyo,,,,,26,886,309,,,,,,,,,,,,,,,,,
2005,Otuzemba,,,,,0,,-18,,,,,,,,,,,,,,,,,
2005,Ozondundu,,,,34,18,491,294,,,,,,,,,,,,,,,,,
2005,Palmwag,3841,143,3968,176,885,14406,786,,,,,,,,,,,,,,,,,
2005,Puros,4105,81,606,,314,14255,,,,,,,,,,,,,,,,,,
2005,Sanitatas,2518,27,127,,192,9194,,,,,,,,,,,,,,,,,,
2005,Sesfontein,2684,81,269,,610,4718,337,,,,,,,,,,,,,,,,,
2005,Sorris Sorris,705,9,,17,949,5427,1187,,,,,,,,,,,,,,,,,
2005,Torra,4277,43,1283,649,829,22558,470,,,,,,,,,,,,,,,,,
2005,Tsiseb,21,,388,,295,18393,600,,,,,,,,,,,,,,,,,
2006,//Huab,15,,,130,17,172,315,,,,,,,,,,,,,,,,,
2006,≠Gaingu,,,,,,8552,349,,,,,,,,,,,,,,,,,
2006,≠Khoadi-//Hôas,495,89,157,948,115,1708,488,,,,,,,,,,,,,,,,,
2006,Anabeb,360,58,1137,125,192,2258,32,,,,,,,,,,,,,,,,,
2006,Doro !nawas,563,115,546,70,1010,9968,,,,,,,,,,,,,,,,,,
2006,Ehi-Rovipuka,603,214,142,21,108,508,51,,,,,,,,,,,,,,,,,
2006,Etendeka,1445,230,1838,271,,4511,,,,,,,,,,,,,,,,,,
2006,Hobatere,706,85,808,103,19,397,34,,,,,,,,,,,,,,,,,
2006,Marienfluss,2147,,50,,637,3054,,,,,,,,,,,,,,,,,,
2006,Okangundumba,,,66,82,129,3767,507,,,,,,,,,,,,,,,,,
2006,Okondjombo,1628,,,,587,1629,,,,,,,,,,,,,,,,,,
2006,Omatendeka,298,47,377,49,53,4393,201,,,,,,,,,,,,,,,,,
2006,Orupembe,5854,14,42,,725,10368,633,,,,,,,,,,,,,,,,,
2006,Orupupa,,,,,-6,-21,-9,,,,,,,,,,,,,,,,,
2006,Otjambangu,,,,16,20,859,92,,,,,,,,,,,,,,,,,
2006,Otjimboyo,,,,4,39,1141,17,,,,,,,,,,,,,,,,,
2006,Otuzemba,,,,,,,-11,,,,,,,,,,,,,,,,,
2006,Ozondundu,,,,17,64,177,162,,,,,,,,,,,,,,,,,
2006,Palmwag,5444,177,5912,626,287,31123,484,,,,,,,,,,,,,,,,,
2006,Puros,4837,239,1644,15,1429,12047,141,,,,,,,,,,,,,,,,,
2006,Sanitatas,1057,52,973,,53,689,245,,,,,,,,,,,,,,,,,
2006,Sesfontein,3271,132,185,,428,8949,128,,,,,,,,,,,,,,,,,
2006,Sorris Sorris,,,,17,349,16614,315,,,,,,,,,,,,,,,,,
2006,Torra,1877,82,1703,334,213,6276,181,,,,,,,,,,,,,,,,,
2006,Tsiseb,222,,573,,408,20739,711,,,,,,,,,,,,,,,,,
2007,//Huab,331,,146,474,11,3003,2102,,,,,,,,,,,,,,,,,
2007,≠Gaingu,31,,,117,,20310,2124,,,,,,,,,,,,,,,,,
2007,≠Khoadi-//Hôas,877,194,824,1498,218,11781,1667,,,,,,,,,,,,,,,,,
2007,Anabeb,726,17,1399,116,115,7435,202,,,,,,,,,,,,,,,,,
2007,Doro !nawas,2100,7,356,72,313,9287,724,,,,,,,,,,,,,,,,,
2007,Ehi-Rovipuka,551,26,257,111,373,16117,1177,,,,,,,,,,,,,,,,,
2007,Etendeka,1232,164,797,1035,,4965,43,,,,,,,,,,,,,,,,,
2007,Hobatere,339,74,300,45,,613,198,,,,,,,,,,,,,,,,,
2007,Marienfluss,19496,26,59,,731,15363,,,,,,,,,,,,,,,,,,
2007,Okangundumba,,,,149,188,4826,152,,,,,,,,,,,,,,,,,
2007,Okondjombo,1061,,170,,1559,9644,,,,,,,,,,,,,,,,,,
2007,Omatendeka,968,92,231,18,368,30454,96,,,,,,,,,,,,,,,,,
2007,Orupembe,4677,,59,,519,10940,511,,,,,,,,,,,,,,,,,
2007,Orupupa,,,,,-14,-144,-55,,,,,,,,,,,,,,,,,
2007,Otjambangu,54,,,31,25,707,58,,,,,,,,,,,,,,,,,
2007,Otjimboyo,,,,12,6,466,110,,,,,,,,,,,,,,,,,
2007,Otuzemba,,,,,-1,,-20,,,,,,,,,,,,,,,,,
2007,Ozondundu,64,,,,73,600,343,,,,,,,,,,,,,,,,,
2007,Palmwag,4770,207,3030,908,851,15586,662,,,,,,,,,,,,,,,,,
2007,Puros,4561,298,265,68,1184,8500,284,,,,,,,,,,,,,,,,,
2007,Sanitatas,1381,21,273,29,106,1380,163,,,,,,,,,,,,,,,,,
2007,Sesfontein,3840,100,132,,311,2975,275,,,,,,,,,,,,,,,,,
2007,Sorris Sorris,,43,,74,280,4579,926,,,,,,,,,,,,,,,,,
2007,Torra,4413,66,856,556,928,3557,1036,,,,,,,,,,,,,,,,,
2007,Tsiseb,707,,331,46,600,14989,1906,,,,,,,,,,,,,,,,,
2008,//Huab,177,,30,332,12,146,273,,,,,,,,,,,,,,,,,
2008,≠Gaingu,,,,,164,5932,1622,,,,,,,,,,,,,,,,,
2008,≠Khoadi-//Hôas,530,23,176,654,141,1564,492,,,,,,,,,,,,,,,,,
2008,Anabeb,352,4,763,26,41,2553,41,,,,,,,,,,,,,,,,,
2008,Doro !nawas,2304,20,570,50,782,5679,320,,,,,,,,,,,,,,,,,
2008,Ehi-Rovipuka,609,128,57,39,47,965,431,,,,,,,,,,,,,,,,,
2008,Etendeka,2258,181,1172,107,11,6408,43,,,,,,,,,,,,,,,,,
2008,Hobatere,414,143,346,31,,569,,,,,,,,,,,,,,,,,,
2008,Marienfluss,1485,8,590,,501,9072,,,,,,,,,,,,,,,,,,
2008,Ohungu,,,,14,17,309,333,,,,,,,,,,,,,,,,,
2008,Okangundumba,,,,,17,6492,136,,,,,,,,,,,,,,,,,
2008,Okondjombo,1490,,680,,110,157,,,,,,,,,,,,,,,,,,
2008,Omatendeka,402,16,114,,66,10142,48,,,,,,,,,,,,,,,,,
2008,Orupembe,4362,,836,22,1326,24172,203,,,,,,,,,,,,,,,,,
2008,Orupupa,,,,,-4,-45,-32,,,,,,,,,,,,,,,,,
2008,Otjambangu,,,11,4,32,923,,,,,,,,,,,,,,,,,,
2008,Otjimboyo,,,,71,,305,28,,,,,,,,,,,,,,,,,
2008,Otuzemba,,,,,-1,,-5,,,,,,,,,,,,,,,,,
2008,Ozondundu,9,,,21,,45,198,,,,,,,,,,,,,,,,,
2008,Palmwag,2742,221,4343,14,539,7976,127,,,,,,,,,,,,,,,,,
2008,Puros,5383,196,490,,744,14638,,,,,,,,,,,,,,,,,,
2008,Sanitatas,1997,67,280,,344,14105,,,,,,,,,,,,,,,,,,
2008,Sesfontein,2376,87,284,,212,4516,109,,,,,,,,,,,,,,,,,
2008,Sorris Sorris,34,,,,424,1822,103,,,,,,,,,,,,,,,,,
2008,Torra,3267,46,1477,632,396,10508,363,,,,,,,,,,,,,,,,,
2008,Tsiseb,307,,289,264,904,25490,505,,,,,,,,,,,,,,,,,
2009,//Huab,22,,,445,,100,404,,,,,,,,,,,,,,,,,
2009,≠Gaingu,67,,,,203,5012,1259,,,,,,,,,,,,,,,,,
2009,≠Khoadi-//Hôas,188,174,15,446,254,990,504,,,,,,,,,,,,,,,,,
2009,Anabeb,171,23,1337,50,36,2384,,,,,,,,,,,,,,,,,,
2009,Doro !nawas,726,,428,,1639,5180,85,,,,,,,,,,,,,,,,,
2009,Ehi-Rovipuka,127,94,63,334,193,786,659,,,,,,,,,,,,,,,,,
2009,Etendeka,1970,252,3382,346,6,8469,,,,,,,,,,,,,,,,,,
2009,Hobatere,561,45,540,27,,447,,,,,,,,,,,,,,,,,,
2009,Marienfluss,1706,,639,,1071,13622,94,,,,,,,,,,,,,,,,,
2009,Ohungu,18,,,22,,110,183,,,,,,,,,,,,,,,,,
2009,Okangundumba,11,,,192,156,3567,496,,,,,,,,,,,,,,,,,
2009,Okondjombo,133,,426,,243,2156,,,,,,,,,,,,,,,,,,
2009,Omatendeka,89,8,150,,87,578,48,,,,,,,,,,,,,,,,,
2009,Orupembe,1841,111,328,,2334,13047,479,,,,,,,,,,,,,,,,,
2009,Orupupa,,,,-5,-19,-102,-32,,,,,,,,,,,,,,,,,
2009,Otjambangu,,,,,44,1031,61,,,,,,,,,,,,,,,,,
2009,Otjimboyo,,,,,16,698,413,,,,,,,,,,,,,,,,,
2009,Otuzemba,,,,,0,,-8,,,,,,,,,,,,,,,,,
2009,Ozondundu,95,14,,210,29,60,167,,,,,,,,,,,,,,,,,
2009,Palmwag,4083,184,6576,289,1377,29120,280,,,,,,,,,,,,,,,,,
2009,Puros,6982,198,1902,34,1854,16488,93,,,,,,,,,,,,,,,,,
2009,Sanitatas,1984,52,1578,,234,2228,,,,,,,,,,,,,,,,,,
2009,Sesfontein,2863,33,237,,574,2116,343,,,,,,,,,,,,,,,,,
2009,Sorris Sorris,,10,,21,938,13272,,,,,,,,,,,,,,,,,,
2009,Torra,1231,45,1417,676,78,5593,109,,,,,,,,,,,,,,,,,
2009,Tsiseb,262,,295,134,1718,24648,1974,,,,,,,,,,,,,,,,,
2010,//Huab,,,160,125,25,169,326,,,,,,,,,,,,,,,,,
2010,≠Gaingu,,,,,,27342,524,,,,,,,,,,,,,,,,,
2010,≠Khoadi-//Hôas,445,72,116,730,69,298,353,,,,,,,,,,,,,,,,,
2010,Anabeb,153,11,1550,55,36,2713,46,,,,,,,,,,,,,,,,,
2010,Doro !nawas,945,65,1179,13,962,13331,288,,,,,,,,,,,,,,,,,
2010,Ehi-Rovipuka,444,428,581,101,147,757,338,,,,,,,,,,,,,,,,,
2010,Etendeka,1602,396,1806,234,,5443,182,,,,,,,,,,,,,,,,,
2010,Hobatere,456,4,258,7,,719,,,,,,,,,,,,,,,,,,
2010,Marienfluss,4006,,846,,706,19733,826,,,,,,,,,,,,,,,,,
2010,Ohungu,,,,10,137,110,564,,,,,,,,,,,,,,,,,
2010,Okangundumba,,,5,168,234,3206,646,,,,,,,,,,,,,,,,,
2010,Okondjombo,97,8,1867,,119,13715,95,,,,,,,,,,,,,,,,,
2010,Omatendeka,231,69,96,69,151,5174,51,,,,,,,,,,,,,,,,,
2010,Orupembe,4721,95,668,,941,8913,848,,,,,,,,,,,,,,,,,
2010,Orupupa,,,,-1,0,-122,-20,,,,,,,,,,,,,,,,,
2010,Otjambangu,,,,13,45,1971,162,,,,,,,,,,,,,,,,,
2010,Otjimboyo,,,,13,,5195,492,,,,,,,,,,,,,,,,,
2010,Otuzemba,,,,,-1,,-9,,,,,,,,,,,,,,,,,
2010,Ozondundu,,,,78,49,23,,,,,,,,,,,,,,,,,,
2010,Palmwag,3586,431,4155,155,356,23218,915,,,,,,,,,,,,,,,,,
2010,Puros,2491,198,1035,,952,8388,102,,,,,,,,,,,,,,,,,
2010,Sanitatas,1638,52,1150,,835,10188,262,,,,,,,,,,,,,,,,,
2010,Sesfontein,1644,46,96,9,140,2499,184,,,,,,,,,,,,,,,,,
2010,Sorris Sorris,168,60,,,1283,7193,1252,,,,,,,,,,,,,,,,,
2010,Torra,2025,244,2903,670,236,13057,936,,,,,,,,,,,,,,,,,
2010,Tsiseb,98,,189,,1407,16509,1437,,,,,,,,,,,,,,,,,
2011,//Audi,,,,,,,40,,,,,,,,,,,,,,,,,
2011,//Huab,44,,57,129,25,16,568,,,,,,,,,,,,,,,,,
2011,≠Gaingu,71,,,,,18734,822,,,,,,,,,,,,,,,,,
2011,≠Khoadi-//Hôas,295,66,67,235,54,1088,235,,,,,,,,,,,,,,,,,
2011,Anabeb,206,17,2467,7,246,2971,,,,,,,,,,,,,,,,,,
2011,Doro !nawas,903,103,888,,914,8392,,,,,,,,,,,,,,,,,,
2011,Ehi-Rovipuka,153,336,,66,72,11,566,,,,,,,,,,,,,,,,,
2011,Etendeka,464,415,2725,399,18,1740,125,,,,,,,,,,,,,,,,,
2011,Hobatere,235,41,345,,,362,41,,,,,,,,,,,,,,,,,
2011,Marienfluss,2030,,281,,564,4984,,,,,,,,,,,,,,,,,,
2011,Ohungu,,,,98,,33,441,,,,,,,,,,,,,,,,,
2011,Okangundumba,,,,,242,208,1129,,,,,,,,,,,,,,,,,
2011,Okondjombo,541,43,1759,30,405,7616,,,,,,,,,,,,,,,,,,
2011,Omatendeka,98,72,177,68,243,337,146,,,,,,,,,,,,,,,,,
2011,Orupembe,5936,13,860,,643,17822,158,,,,,,,,,,,,,,,,,
2011,Orupupa,,,0,0,-17,-71,-20,,,,,,,,,,,,,,,,,
2011,Otjambangu,,,,,33,1788,103,,,,,,,,,,,,,,,,,
2011,Otjimboyo,6,,,,,29,,,,,,,,,,,,,,,,,,
2011,Otuzemba,,,,,0,,-2,,,,,,,,,,,,,,,,,
2011,Ozondundu,,,,37,,,,,,,,,,,,,,,,,,,,
2011,Palmwag,5928,191,15148,41,343,25582,155,,,,,,,,,,,,,,,,,
2011,Puros,1663,440,342,,727,10716,,,,,,,,,,,,,,,,,,
2011,Sanitatas,1165,19,1291,,44,641,,,,,,,,,,,,,,,,,,
2011,Sesfontein,2428,144,359,,916,9328,,,,,,,,,,,,,,,,,,
2011,Sorris Sorris,171,,,75,788,3446,109,,,,,,,,,,,,,,,,,
2011,Torra,1875,133,2957,730,267,9611,187,,,,,,,,,,,,,,,,,
2011,Tsiseb,123,,297,,2515,34543,573,,,,,,,,,,,,,,,,,
2012,//Audi,,,,78,,,,,,,,,,,,,,,,,,,,
2012,//Huab,184,,,593,75,575,634,,,,,,,,,,,,,,,,,
2012,≠Gaingu,,,,,435,25114,4396,,,,,,,,,,,,,,,,,
2012,≠Khoadi-//Hôas,373,126,,1319,150,2111,1330,,,,,,,,,,,,,,,,,
2012,Anabeb,429,30,,111,64,4346,76,,,,,,,,,,,,,,,,,
2012,Doro !nawas,1535,46,,40,598,3358,351,,,,,,,,,,,,,,,,,
2012,Ehi-Rovipuka,703,540,,221,127,2800,810,,,,,,,,,,,,,,,,,
2012,Etendeka,644,64,,97,16,4598,31,,,,,,,,,,,,,,,,,
2012,Hobatere,716,36,,31,,564,138,,,,,,,,,,,,,,,,,
2012,Marienfluss,7825,,,,375,10674,177,,,,,,,,,,,,,,,,,
2012,Ohungu,,,,,94,9420,860,,,,,,,,,,,,,,,,,
2012,Okangundumba,,,,135,258,12158,932,,,,,,,,,,,,,,,,,
2012,Okondjombo,1165,137,,45,674,6578,593,,,,,,,,,,,,,,,,,
2012,Omatendeka,232,52,,,237,5282,414,,,,,,,,,,,,,,,,,
2012,Orupembe,9294,193,,,689,7216,584,,,,,,,,,,,,,,,,,
2012,Orupupa,-4,0,,-6,-3,-33,-49,,,,,,,,,,,,,,,,,
2012,Otjambangu,14,,,5,54,554,80,,,,,,,,,,,,,,,,,
2012,Otjimboyo,,4,,9,428,2607,453,,,,,,,,,,,,,,,,,
2012,Otuzemba,,,,,,,-5,,,,,,,,,,,,,,,,,
2012,Ozondundu,,18,,,,62,101,,,,,,,,,,,,,,,,,
2012,Palmwag,4561,309,,155,612,14321,482,,,,,,,,,,,,,,,,,
2012,Puros,4103,334,,,1189,3533,,,,,,,,,,,,,,,,,,
2012,Sanitatas,1360,41,,18,194,3489,159,,,,,,,,,,,,,,,,,
2012,Sesfontein,2144,124,,,280,3437,319,,,,,,,,,,,,,,,,,
2012,Sorris Sorris,,128,,,813,13285,2104,,,,,,,,,,,,,,,,,
2012,Torra,5506,140,,674,1033,8636,693,,,,,,,,,,,,,,,,,
2012,Tsiseb,485,,,,1761,5455,1911,,,,,,,,,,,,,,,,,
2013,!Khoro !Goreb,,,,69,,18,595,,,,,,,,,,,,,,,,,
2013,//Huab,52,,68,394,74,736,1918,,,,,,,,,,,,,,,,,
2013,≠Gaingu,,,128,132,47,3551,5015,,,,,,,,,,,,,,,,,
2013,≠Khoadi-//Hôas,453,161,2190,382,216,4181,1911,,,,,,,,,,,,,,,,,
2013,Anabeb,148,56,185,103,85,3700,40,,,,,,,,,,,,,,,,,
2013,Doro !nawas,1877,72,1623,46,300,2562,613,,,,,,,,,,,,,,,,,
2013,Ehi-Rovipuka,81,72,1125,87,,4359,625,,,,,,,,,,,,,,,,,
2013,Etendeka,365,48,536,90,10,2653,276,,,,,,,,,,,,,,,,,
2013,Marienfluss,7381,63,12,,740,16574,170,,,,,,,,,,,,,,,,,
2013,Ohungu,,,,55,197,3312,753,,,,,,,,,,,,,,,,,
2013,Okangundumba,,,,24,275,2803,549,,,,,,,,,,,,,,,,,
2013,Okondjombo,602,30,2159,,410,3117,985,,,,,,,,,,,,,,,,,
2013,Omatendeka,129,196,333,101,155,4719,989,,,,,,,,,,,,,,,,,
2013,Ombujokanguindi,,,,,323,1925,,,,,,,,,,,,,,,,,,
2013,Orupembe,4647,16,853,114,1127,6638,282,,,,,,,,,,,,,,,,,
2013,Orupupa,,-2,,-1,-22,-56,-51,,,,,,,,,,,,,,,,,
2013,Otjambangu,3,,,36,45,451,87,,,,,,,,,,,,,,,,,
2013,Otjikondavirongo,,41,,,39,1216,135,,,,,,,,,,,,,,,,,
2013,Otjimboyo,18,,,,107,36,456,,,,,,,,,,,,,,,,,
2013,Otuzemba,,,-2,-1,,,-7,,,,,,,,,,,,,,,,,
2013,Ozondundu,,,,71,35,114,368,,,,,,,,,,,,,,,,,
2013,Palmwag,3085,263,8466,302,948,8888,1167,,,,,,,,,,,,,,,,,
2013,Puros,1293,212,144,80,1818,2141,185,,,,,,,,,,,,,,,,,
2013,Sanitatas,421,34,498,,140,2916,327,,,,,,,,,,,,,,,,,
2013,Sesfontein,1661,150,445,39,237,1274,498,,,,,,,,,,,,,,,,,
2013,Sorris Sorris,296,107,155,19,326,866,1412,,,,,,,,,,,,,,,,,
2013,Torra,3586,151,4920,431,1097,5550,788,,,,,,,,,,,,,,,,,
2013,Tsiseb,334,,1143,,334,741,778,,,,,,,,,,,,,,,,,
2014,!Khoro !Goreb,,,,54,,244,575,,,,,,,,,,,,,,,,,
2014,//Audi,,,,,,,146,,,,,,,,,,,,,,,,,
2014,//Huab,41,,87,77,49,155,566,,,,,,,,,,,,,,,,,
2014,≠Gaingu,,,,181,133,3764,486,,,,,,,,,,,,,,,,,
2014,≠Khoadi-//Hôas,304,117,253,797,259,889,1050,,,,,,,,,,,,,,,,,
2014,Anabeb,363,18,840,163,46,2535,,,,,,,,,,,,,,,,,,
2014,Doro !nawas,747,42,1385,19,377,10395,,,,,,,,,,,,,,,,,,
2014,Ehi-Rovipuka,26,190,683,156,31,591,513,,,,,,,,,,,,,,,,,
2014,Etendeka,302,109,973,,15,8444,142,,,,,,,,,,,,,,,,,
2014,Marienfluss,3418,7,189,,878,9781,,,,,,,,,,,,,,,,,,
2014,Ohungu,,,,,41,325,517,,,,,,,,,,,,,,,,,
2014,Okangundumba,,,,112,270,1869,928,,,,,,,,,,,,,,,,,
2014,Okondjombo,942,52,1934,34,558,2027,,,,,,,,,,,,,,,,,,
2014,Omatendeka,82,107,51,,166,11525,193,,,,,,,,,,,,,,,,,
2014,Ombujokanguindi,,,,,95,799,304,,,,,,,,,,,,,,,,,
2014,Ongongo,,,,11,170,571,109,,,,,,,,,,,,,,,,,
2014,Orupembe,3870,30,1401,,759,4915,360,,,,,,,,,,,,,,,,,
2014,Orupupa,,,-1,-2,-6,-34,-44,,,,,,,,,,,,,,,,,
2014,Otjambangu,,,,,85,560,24,,,,,,,,,,,,,,,,,
2014,Otjikondavirongo,,,,,59,311,283,,,,,,,,,,,,,,,,,
2014,Otjimboyo,,,,,10,,183,,,,,,,,,,,,,,,,,
2014,Otjiu-West,,,,,27,128,,,,,,,,,,,,,,,,,,
2014,Otuzemba,,6,71,162,74,,467,,,,,,,,,,,,,,,,,
2014,Ozondundu,12,,97,188,29,207,733,,,,,,,,,,,,,,,,,
2014,Palmwag,3281,209,8113,326,855,20282,510,,,,,,,,,,,,,,,,,
2014,Puros,931,236,761,,1173,975,371,,,,,,,,,,,,,,,,,
2014,Sanitatas,2552,109,1841,,385,2344,,,,,,,,,,,,,,,,,,
2014,Sesfontein,96,121,309,,697,2320,113,,,,,,,,,,,,,,,,,
2014,Sorris Sorris,74,28,,,686,1965,899,,,,,,,,,,,,,,,,,
2014,Torra,1606,87,1201,462,118,4413,225,,,,,,,,,,,,,,,,,
2014,Tsiseb,602,,530,,1332,5116,837,,,,,,,,,,,,,,,,,
2015,!Khoro !Goreb,,,,,,,138,,,,,,,,,,,,,,,,,
2015,//Huab,35,,46,641,,39,1467,,,,,,,,,,,,,,,,,
2015,≠Gaingu,,,15,27,326,1305,1481,,,,,,,,,,,,,,,,,
2015,≠Khoadi-//Hôas,319,172,599,261,52,156,733,,,,,,,,,,,,,,,,,
2015,Anabeb,6,,28,74,55,1870,145,,,,,,,,,,,,,,,,,
2015,Doro !nawas,871,53,874,135,1063,11484,385,,,,,,,,,,,,,,,,,
2015,Ehi-Rovipuka,10,102,354,,223,1178,473,,,,,,,,,,,,,,,,,
2015,Etendeka,261,66,1202,44,13,683,75,,,,,,,,,,,,,,,,,
2015,Hobatere,155,115,791,12,,308,81,,,,,,,,,,,,,,,,,
2015,Marienfluss,3122,8,70,,1230,3185,,,,,,,,,,,,,,,,,,
2015,Ohungu,,,,,71,317,339,,,,,,,,,,,,,,,,,
2015,Okangundumba,,,,53,210,3485,656,,,,,,,,,,,,,,,,,
2015,Okondjombo,175,,784,,165,1305,146,,,,,,,,,,,,,,,,,
2015,Omatendeka,51,77,51,,40,1902,80,,,,,,,,,,,,,,,,,
2015,Ombujokanguindi,,,10,,459,2159,378,,,,,,,,,,,,,,,,,
2015,Ongongo,,,,,178,103,,,,,,,,,,,,,,,,,,
2015,Orupembe,3227,44,354,,2262,13088,223,,,,,,,,,,,,,,,,,
2015,Orupupa,,7,,80,69,412,250,,,,,,,,,,,,,,,,,
2015,Otjambangu,,,,32,64,549,48,,,,,,,,,,,,,,,,,
2015,Otjikondavirongo,,,,,62,1282,,,,,,,,,,,,,,,,,,
2015,Otjimboyo,,,,,25,22,224,,,,,,,,,,,,,,,,,
2015,Otjiu-West,,,,,14,179,28,,,,,,,,,,,,,,,,,
2015,Otuzemba,,,,123,14,,686,,,,,,,,,,,,,,,,,
2015,Ozondundu,7,,35,291,58,121,423,,,,,,,,,,,,,,,,,
2015,Palmwag,2145,135,4091,559,980,4367,720,,,,,,,,,,,,,,,,,
2015,Puros,364,438,50,,1146,1513,163,,,,,,,,,,,,,,,,,
2015,Sanitatas,280,38,246,,359,3933,65,,,,,,,,,,,,,,,,,
2015,Sesfontein,300,71,95,,351,2708,386,,,,,,,,,,,,,,,,,
2015,Sorris Sorris,305,32,,,240,125,319,,,,,,,,,,,,,,,,,
2015,Torra,1592,176,3656,270,246,7257,155,,,,,,,,,,,,,,,,,
2015,Tsiseb,289,,147,,850,5328,966,,,,,,,,,,,,,,,,,
2016,!Khoro !Goreb,,,,,,77,194,,,,,,,,,,,,,,,,,
2016,//Audi,,,,40,,,177,,,,,,,,,,,,,,,,,
2016,//Huab,,,,131,,319,668,,,,,,,,,,,,,,,,,
2016,≠Gaingu,,,323,,140,1124,1527,,,,,,,,,,,,,,,,,
2016,≠Khoadi-//Hôas,240,120,742,737,77,835,924,,,,,,,,,,,,,,,,,
2016,Anabeb,432,170,1824,193,14,12426,112,,,,,,,,,,,,,,,,,
2016,Doro !nawas,1759,44,1028,21,365,1997,637,,,,,,,,,,,,,,,,,
2016,Ehi-Rovipuka,114,285,780,276,71,3751,890,,,,,,,,,,,,,,,,,
2016,Etendeka,1320,184,903,242,,7016,26,,,,,,,,,,,,,,,,,
2016,Hobatere,128,131,704,132,8,352,209,,,,,,,,,,,,,,,,,
2016,Marienfluss,1078,,1141,,601,8529,,,,,,,,,,,,,,,,,,
2016,Ohungu,,,,,54,519,408,,,,,,,,,,,,,,,,,
2016,Okangundumba,,,,222,325,1252,554,,,,,,,,,,,,,,,,,
2016,Okondjombo,229,43,2086,,288,1301,151,,,,,,,,,,,,,,,,,
2016,Omatendeka,95,374,83,,155,4984,594,,,,,,,,,,,,,,,,,
2016,Ombujokanguindi,,,,,438,2097,390,,,,,,,,,,,,,,,,,
2016,Ongongo,,,,,39,83,,,,,,,,,,,,,,,,,,
2016,Orupembe,3962,,179,,1943,4136,230,,,,,,,,,,,,,,,,,
2016,Orupupa,,7,22,,222,242,468,,,,,,,,,,,,,,,,,
2016,Otjambangu,,,,,45,636,,,,,,,,,,,,,,,,,,
2016,Otjikondavirongo,,35,,,94,911,37,,,,,,,,,,,,,,,,,
2016,Otjimboyo,,,,,37,614,99,,,,,,,,,,,,,,,,,
2016,Otjiu-West,,,,,135,23,57,,,,,,,,,,,,,,,,,
2016,Otuzemba,,,,23,43,,331,,,,,,,,,,,,,,,,,
2016,Ozondundu,16,,42,211,95,192,345,,,,,,,,,,,,,,,,,
2016,Palmwag,5298,516,2651,501,474,17315,186,,,,,,,,,,,,,,,,,
2016,Puros,2066,247,785,,567,5526,84,,,,,,,,,,,,,,,,,
2016,Sanitatas,830,64,486,,366,808,,,,,,,,,,,,,,,,,,
2016,Sesfontein,421,6,399,,423,2593,63,,,,,,,,,,,,,,,,,
2016,Sorris Sorris,411,53,799,,435,1197,643,,,,,,,,,,,,,,,,,
2016,Torra,1349,51,111,120,639,2548,478,,,,,,,,,,,,,,,,,
2016,Tsiseb,659,,437,,545,4851,249,,,,,,,,,,,,,,,,,
2017,!Khoro !Goreb,,,,,,850,,,,,,,,,,,,,,,,,,
2017,//Audi,,,,36,,23,,,,,,,,,,,,,,,,,,
2017,//Huab,,,242,195,,46,219,,,,,,,,,,,,,,,,,
2017,≠Gaingu,24,,,,140,5690,470,,,,,,,,,,,,,,,,,
2017,≠Khoadi-//Hôas,232,152,75,101,37,1306,579,,,,,,,,,,,,,,,,,
2017,Anabeb,78,75,1464,163,39,5069,,,,,,,,,,,,,,,,,,
2017,Doro !nawas,81,,209,,401,2045,109,,,,,,,,,,,,,,,,,
2017,Ehi-Rovipuka,,275,239,376,33,6702,438,,,,,,,,,,,,,,,,,
2017,Etendeka,104,56,517,133,,2388,,,,,,,,,,,,,,,,,,
2017,Hobatere,177,75,198,72,,291,30,,,,,,,,,,,,,,,,,
2017,Marienfluss,1209,,1434,,863,3574,233,,,,,,,,,,,,,,,,,
2017,Ohungu,,,,47,94,357,230,,,,,,,,,,,,,,,,,
2017,Okangundumba,,,,,126,1159,242,,,,,,,,,,,,,,,,,
2017,Okondjombo,654,93,1915,,373,1931,,,,,,,,,,,,,,,,,,
2017,Omatendeka,16,218,220,,118,13427,84,,,,,,,,,,,,,,,,,
2017,Ombujokanguindi,,,,21,108,2102,466,,,,,,,,,,,,,,,,,
2017,Ongongo,,,,,83,114,47,,,,,,,,,,,,,,,,,
2017,Orupembe,1855,131,1534,,852,16402,902,,,,,,,,,,,,,,,,,
2017,Orupupa,,,,19,4,287,70,,,,,,,,,,,,,,,,,
2017,Otjambangu,,,,,43,714,,,,,,,,,,,,,,,,,,
2017,Otjikondavirongo,,21,65,,,19,73,,,,,,,,,,,,,,,,,
2017,Otjimboyo,,,,,39,354,33,,,,,,,,,,,,,,,,,
2017,Otjiu-West,,,,,174,347,28,,,,,,,,,,,,,,,,,
2017,Otuzemba,,,35,44,24,,215,,,,,,,,,,,,,,,,,
2017,Ozondundu,,,51,32,52,132,390,,,,,,,,,,,,,,,,,
2017,Palmwag,706,112,930,50,334,2333,,,,,,,,,,,,,,,,,,
2017,Puros,206,128,1378,,270,3443,,,,,,,,,,,,,,,,,,
2017,Sanitatas,353,13,532,,166,1209,264,,,,,,,,,,,,,,,,,
2017,Sesfontein,1066,156,734,,587,8991,49,,,,,,,,,,,,,,,,,
2017,Sorris Sorris,136,105,244,,348,1590,904,,,,,,,,,,,,,,,,,
2017,Torra,189,136,222,254,132,5634,418,,,,,,,,,,,,,,,,,
2017,Tsiseb,31,,582,,636,7041,,,,,,,,,,,,,,,,,,
2018,!Khoro !Goreb,,,,,,,109,,,,,,,,,,,,,,,,,
2018,//Audi,,,183,48,,,,,,,,,,,,,,,,,,,,
2018,//Huab,,,132,73,7,63,296,,,,,,,,,,,,,,,,,
2018,≠Gaingu,,,537,,107,825,91,,,,,,,,,,,,,,,,,
2018,≠Khoadi-//Hôas,186,196,280,103,48,1862,478,,,,,,,,,,,,,,,,,
2018,Anabeb,52,124,1764,,53,4363,,,,,,,,,,,,,,,,,,
2018,Doro !nawas,159,16,686,66,459,1893,,,,,,,,,,,,,,,,,,
2018,Ehi-Rovipuka,,285,75,61,39,1055,106,,,,,,,,,,,,,,,,,
2018,Etendeka,191,192,367,77,,3240,25,,,,,,,,,,,,,,,,,
2018,Hobatere,83,38,356,,,520,29,,,,,,,,,,,,,,,,,
2018,Marienfluss,1814,30,1504,,298,1802,,,,,,,,,,,,,,,,,,
2018,Ohungu,,,,,33,65,111,,,,,,,,,,,,,,,,,
2018,Okangundumba,,,,,147,1337,467,,,,,,,,,,,,,,,,,
2018,Okondjombo,,43,1366,,347,7951,72,,,,,,,,,,,,,,,,,
2018,Omatendeka,,254,772,,119,6892,41,,,,,,,,,,,,,,,,,
2018,Ombujokanguindi,,,,,67,879,449,,,,,,,,,,,,,,,,,
2018,Ongongo,,,,,47,145,90,,,,,,,,,,,,,,,,,
2018,Orupembe,3841,98,1254,,1170,25071,,,,,,,,,,,,,,,,,,
2018,Orupupa,,3,,,46,105,111,,,,,,,,,,,,,,,,,
2018,Otjambangu,,,,,44,1129,16,,,,,,,,,,,,,,,,,
2018,Otjikondavirongo,,49,76,40,47,594,,,,,,,,,,,,,,,,,,
2018,Otjimboyo,,,,,61,654,94,,,,,,,,,,,,,,,,,
2018,Otjiu-West,,,,,52,309,,,,,,,,,,,,,,,,,,
2018,Otuzemba,,31,,45,16,,104,,,,,,,,,,,,,,,,,
2018,Ozondundu,,,94,,34,277,76,,,,,,,,,,,,,,,,,
2018,Palmwag,1151,165,1547,34,208,6968,59,,,,,,,,,,,,,,,,,
2018,Puros,77,64,2073,,141,5171,,,,,,,,,,,,,,,,,,
2018,Sanitatas,825,70,4813,127,300,17600,,,,,,,,,,,,,,,,,,
2018,Sesfontein,707,42,622,,281,2727,,,,,,,,,,,,,,,,,,
2018,Sorris Sorris,28,,68,50,78,487,435,,,,,,,,,,,,,,,,,
2018,Torra,65,136,259,,82,6432,,,,,,,,,,,,,,,,,,
2018,Tsiseb,,24,313,,1429,2257,,,,,,,,,,,,,,,,,,
2019,//Audi,,,,25,,146,231,,,,,,,,,,,,,,,,,
2019,//Huab,,,111,82,,145,436,,,,,,,,,,,,,,,,,
2019,≠Gaingu,,,,,109,5967,205,,,,,,,,,,,,,,,,,
2019,≠Khoadi-//Hôas,227,74,892,212,97,1385,510,,,,,,,,,,,,,,,,,
2019,Anabeb,,66,287,54,48,2761,,,,,,,,,,,,,,,,,,
2019,Doro !nawas,1032,61,633,52,340,1664,415,,,,,,,,,,,,,,,,,
2019,Ehi-Rovipuka,,572,447,126,87,1407,58,,,,,,,,,,,,,,,,,
2019,Etendeka,53,104,231,6,,1119,19,,,,,,,,,,,,,,,,,
2019,Hobatere,113,59,121,88,,219,,,,,,,,,,,,,,,,,,
2019,Marienfluss,1101,24,286,27,829,2884,86,,,,,,,,,,,,,,,,,
2019,Ohungu,,,,,50,706,325,,,,,,,,,,,,,,,,,
2019,Okangundumba,,,,,78,859,256,,,,,,,,,,,,,,,,,
2019,Okondjombo,59,51,467,,97,14469,238,,,,,,,,,,,,,,,,,
2019,Omatendeka,7,500,,,174,1271,221,,,,,,,,,,,,,,,,,
2019,Ombujokanguindi,,,,22,472,2140,623,,,,,,,,,,,,,,,,,
2019,Ongongo,,,,,96,50,30,,,,,,,,,,,,,,,,,
2019,Orupembe,3638,68,1369,156,1531,6858,1122,,,,,,,,,,,,,,,,,
2019,Orupupa,,9,,20,126,316,573,,,,,,,,,,,,,,,,,
2019,Otjambangu,,,,,67,646,53,,,,,,,,,,,,,,,,,
2019,Otjikondavirongo,,,,,12,314,37,,,,,,,,,,,,,,,,,
2019,Otjimboyo,,,,,109,1335,113,,,,,,,,,,,,,,,,,
2019,Otjiu-West,,,,,162,8,,,,,,,,,,,,,,,,,,
2019,Otuzemba,,,,56,10,,179,,,,,,,,,,,,,,,,,
2019,Ozondundu,,,31,212,52,2138,97,,,,,,,,,,,,,,,,,
2019,Palmwag,770,150,314,62,758,4549,460,,,,,,,,,,,,,,,,,
2019,Puros,858,165,737,,677,1093,,,,,,,,,,,,,,,,,,
2019,Sanitatas,880,159,73,95,220,809,305,,,,,,,,,,,,,,,,,
2019,Sesfontein,403,79,718,,591,4295,205,,,,,,,,,,,,,,,,,
2019,Sorris Sorris,165,,145,,138,476,,,,,,,,,,,,,,,,,,
2019,Torra,235,192,785,257,1238,3576,470,,,,,,,,,,,,,,,,,
2019,Tsiseb,,,458,36,489,1468,461,,,,,,,,,,,,,,,,,
2020,!Khoro !Goreb,,,,,,37,143,,,,,,,,,,,,,,,,,
2020,//Huab,,4,49,20,,697,184,,,,,,,,,,,,,,,,,
2020,≠Gaingu,,,86,,86,1157,102,,,,,,,,,,,,,,,,,
2020,≠Khoadi-//Hôas,6,193,100,,57,249,448,,,,,,,,,,,,,,,,,
2020,Anabeb,,69,823,31,16,2903,,,,,,,,,,,,,,,,,,
2020,Doro !nawas,58,81,50,,27,569,94,,,,,,,,,,,,,,,,,
2020,Ehi-Rovipuka,8,276,39,154,,2381,363,,,,,,,,,,,,,,,,,
2020,Etendeka,141,69,103,42,,616,100,,,,,,,,,,,,,,,,,
2020,Hobatere,203,82,347,,,501,,,,,,,,,,,,,,,,,,
2020,Marienfluss,188,,76,,252,1570,,,,,,,,,,,,,,,,,,
2020,Ohungu,,,,232,39,18,274,,,,,,,,,,,,,,,,,
2020,Okangundumba,,,,,151,2499,404,,,,,,,,,,,,,,,,,
2020,Okondjombo,,202,282,36,175,3823,84,,,,,,,,,,,,,,,,,
2020,Omatendeka,35,96,,,78,2069,,,,,,,,,,,,,,,,,,
2020,Ombujokanguindi,,,,,275,6505,1240,,,,,,,,,,,,,,,,,
2020,Ongongo,,,,,71,344,,,,,,,,,,,,,,,,,,
2020,Orupembe,1512,57,1303,,1393,34200,526,,,,,,,,,,,,,,,,,
2020,Orupupa,,18,,86,24,94,336,,,,,,,,,,,,,,,,,
2020,Otjambangu,,,2,,21,1028,56,,,,,,,,,,,,,,,,,
2020,Otjikondavirongo,,47,58,,66,551,,,,,,,,,,,,,,,,,,
2020,Otjimboyo,,,,,,11,40,,,,,,,,,,,,,,,,,
2020,Otjiu-West,,,,,108,195,,,,,,,,,,,,,,,,,,
2020,Otuzemba,,,,745,9,,944,,,,,,,,,,,,,,,,,
2020,Ozondundu,,,65,324,15,516,358,,,,,,,,,,,,,,,,,
2020,Palmwag,611,90,709,59,397,15394,832,,,,,,,,,,,,,,,,,
2020,Puros,843,225,203,37,657,10590,88,,,,,,,,,,,,,,,,,
2020,Sanitatas,462,42,1583,,68,2170,,,,,,,,,,,,,,,,,,
2020,Sesfontein,278,79,35,23,302,2116,541,,,,,,,,,,,,,,,,,
2020,Sorris Sorris,,28,12,,119,1155,107,,,,,,,,,,,,,,,,,
2020,Torra,84,139,235,210,915,3159,372,,,,,,,,,,,,,,,,,
2020,Tsiseb,,,90,,34,1871,243,,,,,,,,,,,,,,,,,
2021,!Khoro !Goreb,,,,,,,315,,,,,,,,,,,,,,,,,
2021,//Huab,,,58,175,21,204,73,,,,,,,,,,,,,,,,,
2021,≠Gaingu,,,,,,1349,80,,,,,,,,,,,,,,,,,
2021,≠Khoadi-//Hôas,,131,272,10,21,460,176,,,,,,,,,,,,,,,,,
2021,Anabeb,,57,51,9,,448,58,,,,,,,,,,,,,,,,,
2021,Doro !nawas,59,57,86,,355,113,148,,,,,,,,,,,,,,,,,
2021,Ehi-Rovipuka,,89,139,203,37,,665,,,,,,,,,,,,,,,,,
2021,Etendeka,102,86,350,5,15,371,32,,,,,,,,,,,,,,,,,
2021,Hobatere,175,34,224,14,,553,47,,,,,,,,,,,,,,,,,
2021,Marienfluss,,,73,21,764,5664,,,,,,,,,,,,,,,,,,
2021,Ohungu,,,,,21,97,108,,,,,,,,,,,,,,,,,
2021,Okangundumba,,,,,163,2501,212,,,,,,,,,,,,,,,,,
2021,Okondjombo,,44,1837,,279,7856,132,,,,,,,,,,,,,,,,,
2021,Omatendeka,,156,134,21,120,3696,74,,,,,,,,,,,,,,,,,
2021,Ombujokanguindi,,,,,188,2141,287,,,,,,,,,,,,,,,,,
2021,Ongongo,,,,,,64,50,,,,,,,,,,,,,,,,,
2021,Orupembe,380,170,707,,518,2932,310,,,,,,,,,,,,,,,,,
2021,Orupupa,,3,,98,11,196,106,,,,,,,,,,,,,,,,,
2021,Otjambangu,,,,,20,298,15,,,,,,,,,,,,,,,,,
2021,Otjikondavirongo,,21,63,,,469,31,,,,,,,,,,,,,,,,,
2021,Otjimboyo,,,,,61,72,,,,,,,,,,,,,,,,,,
2021,Otjiu-West,,,,,93,7,,,,,,,,,,,,,,,,,,
2021,Otuzemba,,33,44,,10,,99,,,,,,,,,,,,,,,,,
2021,Ozondundu,20,,65,,24,,81,,,,,,,,,,,,,,,,,
2021,Palmwag,209,154,584,,56,4646,,,,,,,,,,,,,,,,,,
2021,Puros,11,180,90,,225,1577,,,,,,,,,,,,,,,,,,
2021,Sanitatas,131,56,74,,207,1049,,,,,,,,,,,,,,,,,,
2021,Sesfontein,89,121,161,,180,2921,,,,,,,,,,,,,,,,,,
2021,Sorris Sorris,54,46,,,81,86,,,,,,,,,,,,,,,,,,
2021,Torra,8,91,114,56,10,5399,49,,,,,,,,,,,,,,,,,
2021,Tsiseb,153,84,,,423,1122,96,,,,,,,,,,,,,,,,,
2022,!Khoro !Goreb,,,,,,46,,,,,,,,,,,,,,,,,,
2022,//Huab,,,10,,15,21,136,,,,,,,,,,,,,,,,,
2022,≠Gaingu,,,,,16,3000,73,,,,,,,,,,,,,,,,,
2022,≠Khoadi-//Hôas,,117,85,175,13,,,,,,,,,,,,,,,,,,,
2022,Anabeb,,26,1180,,22,1796,,,,,,,,,,,,,,,,,,
2022,Doro !nawas,,125,,,679,2570,125,,,,,,,,,,,,,,,,,
2022,Ehi-Rovipuka,,173,85,105,,100,84,,,,,,,,,,,,,,,,,
2022,Etendeka,68,27,145,18,,415,,,,,,,,,,,,,,,,,,
2022,Hobatere,156,,36,12,,400,,,,,,,,,,,,,,,,,,
2022,Marienfluss,170,,,,361,5739,,,,,,,,,,,,,,,,,,
2022,Ohungu,,,,,19,,259,,,,,,,,,,,,,,,,,
2022,Okangundumba,,11,,,248,612,88,,,,,,,,,,,,,,,,,
2022,Okondjombo,,24,286,,78,514,,,,,,,,,,,,,,,,,,
2022,Omatendeka,,141,177,16,217,502,32,,,,,,,,,,,,,,,,,
2022,Ombujokanguindi,,,,,92,600,220,,,,,,,,,,,,,,,,,
2022,Ongongo,,,,,92,157,55,,,,,,,,,,,,,,,,,
2022,Orupembe,1769,29,1618,,1067,3299,,,,,,,,,,,,,,,,,,
2022,Orupupa,,,,22,23,537,86,,,,,,,,,,,,,,,,,
2022,Otjambangu,,,,,77,380,,,,,,,,,,,,,,,,,,
2022,Otjikondavirongo,,109,17,,19,1377,,,,,,,,,,,,,,,,,,
2022,Otjimboyo,,,,53,45,110,53,,,,,,,,,,,,,,,,,
2022,Otjiu-West,,,,,17,23,,,,,,,,,,,,,,,,,,
2022,Otuzemba,,,,87,,,175,,,,,,,,,,,,,,,,,
2022,Ozondundu,,,27,123,33,,31,,,,,,,,,,,,,,,,,
2022,Palmwag,204,182,60,,272,4649,312,,,,,,,,,,,,,,,,,
2022,Puros,152,165,473,,356,1585,,,,,,,,,,,,,,,,,,
2022,Sanitatas,41,34,281,,237,432,,,,,,,,,,,,,,,,,,
2022,Sesfontein,22,48,91,,353,1256,,,,,,,,,,,,,,,,,,
2022,Sorris Sorris,,,,72,226,938,144,,,,,,,,,,,,,,,,,
2022,Torra,,52,211,,296,325,,,,,,,,,,,,,,,,,,
2022,Tsiseb,196,,,,1511,5271,,,,,,,,,,,,,,,,,,
2023,!Khoro !Goreb,,,,,,,429,,,,,,,,,,,,,,,,,
2023,//Audi,,,,19,,,77,,,,,,,,,,,,,,,,,
2023,//Huab,,,230,155,118,238,1702,,,,,,,,,,,,,,,,,
2023,≠Gaingu,,,,,,2201,,,,,,,,,,,,,,,,,,
2023,≠Khoadi-//Hôas,,51,167,,14,1052,302,,,,,,,,,,,,,,,,,
2023,Anabeb,,16,280,,62,3483,,,,,,,,,,,,,,,,,,
2023,Doro !nawas,57,48,,,268,146,,,,,,,,,,,,,,,,,,
2023,Ehi-Rovipuka,,118,650,161,,1591,1128,,,,,,,,,,,,,,,,,
2023,Etendeka,31,4,253,12,,151,,,,,,,,,,,,,,,,,,
2023,Hobatere,14,45,73,17,,507,68,,,,,,,,,,,,,,,,,
2023,Marienfluss,99,,,,711,2808,,,,,,,,,,,,,,,,,,
2023,Ohungu,,,,,10,34,917,,,,,,,,,,,,,,,,,
2023,Okangundumba,,12,,,154,209,296,,,,,,,,,,,,,,,,,
2023,Okondjombo,,117,282,,184,2170,95,,,,,,,,,,,,,,,,,
2023,Omatendeka,,242,250,98,234,4566,174,,,,,,,,,,,,,,,,,
2023,Ombujokanguindi,,,,,358,2841,864,,,,,,,,,,,,,,,,,
2023,Ongongo,,,,,24,19,27,,,,,,,,,,,,,,,,,
2023,Orupembe,646,78,24,,225,3144,,,,,,,,,,,,,,,,,,
2023,Orupupa,,6,,,65,749,730,,,,,,,,,,,,,,,,,
2023,Otjambangu,,,,30,16,1240,,,,,,,,,,,,,,,,,,
2023,Otjikondavirongo,,36,23,,18,578,,,,,,,,,,,,,,,,,,
2023,Otjimboyo,,,,82,198,2297,85,,,,,,,,,,,,,,,,,
2023,Otjiu-West,,,,,105,91,,,,,,,,,,,,,,,,,,
2023,Otuzemba,,6,,223,74,,285,,,,,,,,,,,,,,,,,
2023,Ozondundu,27,,230,239,,1195,99,,,,,,,,,,,,,,,,,
2023,Palmwag,80,52,,,217,1796,250,,,,,,,,,,,,,,,,,
2023,Puros,212,294,,24,380,2515,98,,,,,,,,,,,,,,,,,
2023,Sanitatas,218,124,148,,35,1569,89,,,,,,,,,,,,,,,,,
2023,Sesfontein,254,125,,,41,3789,931,,,,,,,,,,,,,,,,,
2023,Sorris Sorris,,,,,263,1012,92,,,,,,,,,,,,,,,,,
2023,Torra,,103,538,16,543,4198,662,,,,,,,,,,,,,,,,,
2023,Tsiseb,,,,,616,5583,128,,,,,,,,,,,,,,,,,
2024,!Khoro !Goreb,,,,,,,253,,,,,,,,,,,,,,,,,
2024,//Huab,,,176,128,,677,2039,,,,,,,,,,,,,,,,,
2024,≠Gaingu,,,,,,4727,,,,,,,,,,,,,,,,,,
2024,≠Khoadi-//Hôas,,70,220,,,389,413,,,,,,,,,,,,,,,,,
2024,Anabeb,8,115,339,20,168,4192,,,,,,,,,,,,,,,,,,
2024,Doro !nawas,21,18,,34,283,1249,154,,,,,,,,,,,,,,,,,
2024,Ehi-Rovipuka,,136,670,21,90,2515,925,,,,,,,,,,,,,,,,,
2024,Etanga,,,,,54,227,,,,,,,,,,,,,,,,,,
2024,Etendeka,90,31,352,4,,553,,,,,,,,,,,,,,,,,,
2024,Hobatere,11,7,40,17,,165,39,,,,,,,,,,,,,,,,,
2024,Marienfluss,71,,,,314,4474,,,,,,,,,,,,,,,,,,
2024,Ohungu,,,,,63,192,482,,,,,,,,,,,,,,,,,
2024,Okangundumba,,6,,56,88,453,1719,,,,,,,,,,,,,,,,,
2024,Okondjombo,56,83,746,57,124,1797,105,,,,,,,,,,,,,,,,,
2024,Omatendeka,37,82,119,23,283,9807,413,,,,,,,,,,,,,,,,,
2024,Ombujokanguindi,,,,,560,3467,755,,,,,,,,,,,,,,,,,
2024,Ongongo,,,16,12,145,274,,,,,,,,,,,,,,,,,,
2024,Orupembe,468,253,688,,1978,15967,389,,,,,,,,,,,,,,,,,
2024,Orupupa,,10,,10,27,21,333,,,,,,,,,,,,,,,,,
2024,Otjambangu,10,,7,3,19,737,25,,,,,,,,,,,,,,,,,
2024,Otjikondavirongo,,24,57,,46,147,47,,,,,,,,,,,,,,,,,
2024,Otjimboyo,,,,,,343,63,,,,,,,,,,,,,,,,,
2024,Otjiu-West,,,,6,65,140,,,,,,,,,,,,,,,,,,
2024,Otuzemba,,6,34,,,,587,,,,,,,,,,,,,,,,,
2024,Ozondundu,,,41,15,,,135,,,,,,,,,,,,,,,,,
2024,Palmwag,338,121,168,,179,1419,778,,,,,,,,,,,,,,,,,
2024,Puros,39,433,74,,477,3113,,,,,,,,,,,,,,,,,,
2024,Sanitatas,39,97,165,11,393,1569,96,,,,,,,,,,,,,,,,,
2024,Sesfontein,361,67,81,,119,1890,507,,,,,,,,,,,,,,,,,
2024,Sorris Sorris,85,36,,,663,4719,,,,,,,,,,,,,,,,,,
2024,Torra,51,106,640,82,275,4732,282,,,,,,,,,,,,,,,,,
2024,Tsiseb,,,,27,53,1164,484,,,,,,,,,,,,,,,,,